dissimilarity,correlation,contrast,energy,homogeneity,ASM,category
0.32810407517417345,0.8512587468328657,0.42282659912685266,0.43190012144895973,0.845163245316074,0.18912299358022747,1
0.30884871389429636,0.8952143547744457,0.3912706511623318,0.407885336912075,0.8537136374796973,0.1683379395910439,1
0.39811276703031634,0.8559093330697083,0.5622910114883203,0.37732984728448576,0.817099631074416,0.14523950358444526,1
0.3038753604827312,0.8772613871094225,0.35424698454045017,0.404147774121456,0.8530820450323241,0.16538201797668803,1
0.3295892188210583,0.8463825618627703,0.41485147097261005,0.40676841062705793,0.8436393067684285,0.1680746785230175,1
0.3747964435227731,0.8553314050872949,0.5290675735278781,0.3863235995061715,0.8274063530543736,0.15187822738829096,1
0.43677712872395497,0.8355476403575199,0.5751875757657278,0.328061130420296,0.7952018890648178,0.11084881765789917,1
0.302889037286086,0.8253678232774787,0.3505990518588624,0.42754863476961197,0.853325735564115,0.18551821995674359,1
0.37588850717718464,0.8361187502566071,0.48288141281093794,0.3717565891860009,0.8224426858968444,0.14111799973166755,1
0.22408070001314698,0.7793503542324172,0.264143849374749,0.5955990812315192,0.8918571160004896,0.35630148639357234,1
0.2635334874707989,0.863360423820247,0.27405268195296323,0.4076232967155277,0.8692851757128172,0.16820774907105088,1
0.31372387679700053,0.8808392365532836,0.3915959406686964,0.4203375033855141,0.8508535818415575,0.17860985291651,1
0.2634456452859676,0.8296740067385753,0.3036102799437289,0.48348180088807485,0.8722254754115203,0.2354946995816418,1
0.30356086913672914,0.8524785072498116,0.3800271383392217,0.461375983769402,0.8557118979821884,0.2147856465697826,1
0.3460933818184892,0.8946792019800206,0.4473240621881771,0.3846557520031501,0.8368304447762435,0.149776184146138,1
0.31703645261870456,0.8580573789133212,0.39419693106806575,0.4278337887602395,0.8491570408074147,0.18495754837548498,1
0.3400254782755796,0.852046058518193,0.41742369356527603,0.40689189399965153,0.8376352816934539,0.16787384682874607,1
0.33424347635183554,0.8449828062529948,0.40191549590733144,0.38879359655884455,0.8396150400321467,0.15343909846636564,1
0.416628032660794,0.8585282808395363,0.5673274215423839,0.3538993479991892,0.8064789128735154,0.12796602271572086,1
0.33015322779870454,0.8886401372685341,0.3855620138016136,0.3743204395933679,0.8404054146650525,0.14207099006288043,1
0.4285688917718638,0.8799314207713452,0.5892829167677617,0.3339663571069476,0.8015449480732678,0.11391561904218685,1
0.5865075345630258,0.838719702470513,0.9585236201806128,0.27050380383354394,0.7412812749532321,0.07572637688940767,1
0.5257702417304948,0.8233697662096228,0.8306163375957946,0.30430361982381054,0.7656267941346503,0.0954285730391995,1
0.5505481290635497,0.8240925633880528,0.9005346409646711,0.2991219563367969,0.7567792734034636,0.09252452993863113,1
0.4925228975120604,0.8203994153120266,0.7326215519679792,0.31222240132203416,0.7769100134085528,0.1004468389317628,1
0.4250167600849848,0.8730689041582753,0.5591069781874697,0.30482478251688755,0.8005975416520462,0.09536060471058351,1
0.3093813760890947,0.8835984403635723,0.3511886142624426,0.37194457686363136,0.8494780261181605,0.14057126311516194,1
0.42951808937008545,0.8767012909911607,0.662528954250655,0.38557343768279306,0.8079707652348603,0.15100914184433142,1
0.3851547451626816,0.9038453510285672,0.4903497209623617,0.3377807943845111,0.817832754598884,0.1162194686962139,1
0.3521364484446192,0.8963004273138102,0.4267188382490044,0.3494492189044999,0.8312881909551156,0.12400929900534256,1
0.3755017740419427,0.8942246898227312,0.5187539123170527,0.402535798359114,0.8263824390574347,0.16346884000580814,1
0.3497563589993773,0.8777009710617772,0.41375029596280855,0.3851151821306298,0.8315076683450764,0.15042051936170678,1
0.4133105015167802,0.8721474894089892,0.5436855557248992,0.32889408406978077,0.8061179539537511,0.11030660138715741,1
0.3270250336284945,0.8648086476475397,0.40248028035770095,0.4084577767961352,0.8439170072594403,0.16865306500140775,1
0.30764759654124857,0.8366471052628124,0.3788087236379682,0.4597398906848639,0.8532452069971873,0.21291195505375546,1
0.31055934083619935,0.8303022534555814,0.35825239545067156,0.4157887105066123,0.84946693167668,0.17503812139348005,1
0.40777573348423735,0.8643143992633037,0.5495746483091946,0.3424795332149961,0.8099277691142547,0.11970717853236239,1
0.5082941201417704,0.8661370009849388,0.7355201019983114,0.2884613031618251,0.7680292772989689,0.08572562314241634,1
0.4930439690471133,0.8376375855677726,0.721923265019298,0.3238163854773776,0.7755161489979249,0.10767772164241722,1
0.5835668698543937,0.8042917361443926,0.9351790951927771,0.2993641989120772,0.7411255854197796,0.0927309534005935,1
0.5511947334520492,0.8458359683603667,0.8924995900818429,0.28793082058382413,0.7571775117500296,0.08569339480151748,1
0.44092420792740517,0.8644359096455707,0.5795597089519174,0.32133231614230606,0.7930575585128447,0.10589506507364167,1
0.3121754577097907,0.8394314315465112,0.3644494058668856,0.41399371774611926,0.8490973013112156,0.1735933555247113,1
0.3572025760956666,0.8625620498063077,0.4573077139811263,0.3971786243413848,0.8313098477815469,0.15992336046361275,1
0.41455271849333425,0.8903891488405669,0.5587892944920249,0.32596422320100504,0.8069265151880871,0.10814214541072453,1
0.4083033955849093,0.8995157736903773,0.5398829632369789,0.32844650517356916,0.8088662704806949,0.10965602670926224,1
0.33120157113801924,0.8585438737064067,0.41559261991727076,0.41642119337568384,0.842762346288175,0.17525620259729732,1
0.39894586515755215,0.8735984019516362,0.5173747270293831,0.36892463835621503,0.8121920637411574,0.13845826321101729,1
0.3960583425079258,0.8284891054159088,0.5635651220024728,0.36917275866637844,0.8180720740192303,0.13854605909756798,1
0.35321459624439533,0.8513528575607342,0.4424676866652038,0.394410919912318,0.8320557483026488,0.1577135088836514,1
0.298675389238829,0.8339050467981819,0.3344241226268479,0.4184778887786135,0.8542349190847908,0.17728858236752976,1
0.3531155105970591,0.8854092925717922,0.44042726536430116,0.3808288256141985,0.8320820996998938,0.14701173716377058,1
0.4159877733980577,0.8533793507669621,0.569960065026471,0.3913619416634675,0.8070960124893473,0.15539413932283336,1
0.43518430963669186,0.8172196543897506,0.6052936910117989,0.35745204764549515,0.7990295108151001,0.13015883087666044,1
0.4664097410222379,0.8604362041741688,0.6859234332503933,0.3405212798013845,0.787506916802236,0.11879562547009957,1
0.5512460228292023,0.8277897187090386,0.8721057186136344,0.30053442730464486,0.7542494716820265,0.09320516713286019,1
0.5111051773951049,0.8672452895314416,0.7255943102645729,0.2891450850861416,0.7657427370858922,0.08623342766105131,1
0.43245511033230066,0.8532458727575817,0.5750828102542384,0.3341861809093318,0.7976616027694248,0.11408534745866226,1
0.42356755909665617,0.8983374041861979,0.6088924576718403,0.3122488387072337,0.8062595078646843,0.0997353231874379,1
0.34656194680093,0.8907693258513968,0.41662407832884,0.36048269710721503,0.8336750405302883,0.1319820142533776,1
0.44564603833624816,0.8704630997573218,0.6335293158370172,0.3226731336521029,0.7956265327431562,0.1063837237433008,1
0.3656499769101944,0.8671629987860311,0.4496913520023745,0.36519941663138217,0.8255291595583293,0.13551271416013044,1
0.40382026127367115,0.8859122826094246,0.509741411022781,0.3318023246693772,0.8086126112591178,0.11202600462255093,1
0.4272104134971197,0.8725662891651171,0.578290724574565,0.3281896678632827,0.8010693074236676,0.10988713163394259,1
0.30843472462572336,0.8400595057710749,0.4054032228910418,0.4299574354426901,0.8550538385046321,0.18666733941288527,1
0.2890587175947105,0.928693022911713,0.3649424572041952,0.41933395686496083,0.8630273981634772,0.17747043688310504,1
0.3184467024874528,0.8161968175859871,0.37434429940348407,0.4229165966779143,0.8463200746637983,0.18138994531826058,1
0.288602551372125,0.863092545699026,0.3404724453648262,0.449566072257416,0.8608317301572129,0.2037119286727038,1
0.31098698721783674,0.7857855843599809,0.3651820296602623,0.4583447618007717,0.8499124349435059,0.21280847447666,1
0.3874114666028583,0.9018913022599434,0.5032025154651492,0.345908292073126,0.8178153146826909,0.12229383938840148,1
0.4315440424057735,0.8531426510901964,0.5904347668795193,0.327839962701546,0.7997461126804271,0.1109089391254382,1
0.3938926415250288,0.7633752952242877,0.5152303701547466,0.392334666823416,0.8151708099429725,0.15729151100493083,1
0.3563386399364988,0.79471283754694,0.4384334260089228,0.41273933637749893,0.8300099586739278,0.17346025104416554,1
0.3193512201978587,0.7936500907192433,0.3899243827668024,0.4580982389968175,0.8472814191799451,0.21258959883489545,1
0.3144969500694144,0.8661597008468241,0.35754278668252765,0.39758151720524615,0.8470470522039792,0.16019636466437995,1
0.3074854629226386,0.852773258290659,0.38336905068197685,0.4627425746124414,0.8537331066870899,0.216290160992229,1
0.23137581060507428,0.8674079848004381,0.2521327100346817,0.47192690558581346,0.8863862722559465,0.2243912432691929,1
0.39471196254523794,0.8910626023273318,0.5828785999796957,0.40259485270737655,0.8209887037067326,0.16361610566694804,1
0.3078935856666807,0.8885398577709632,0.3949097522958562,0.44522890410588595,0.8545773876745605,0.19972287810572162,1
0.2991365880790507,0.8427703463287742,0.35803002120915256,0.44598253957820977,0.8562733107991453,0.2009473699913161,1
0.4230143495859981,0.8312608486282115,0.580265849967325,0.3502724059969647,0.803885383166214,0.12543144911920223,1
0.3568234074114291,0.8964100147835895,0.4748089190341071,0.3512577417959147,0.8329459464837816,0.1251307529689413,1
0.39877092230724404,0.7891316406088316,0.5312430419975859,0.38659838367610594,0.8136003195482195,0.15252808055596048,1
0.37676339166288564,0.8925138916516665,0.5013996637898376,0.3622450912713478,0.8238791949499147,0.1330454382747815,1
0.4130279323399091,0.8619774386686334,0.592504430721275,0.3795958123661134,0.8108614829787796,0.1459602319259779,1
0.3935581752631641,0.8036084859880658,0.5065579991712755,0.3816336757690983,0.8144216368792639,0.14850454831813661,1
0.3433169139886531,0.8465200160885279,0.4321642432405384,0.4110017124248974,0.8370830711711559,0.17138196466591704,1
0.4019966813172928,0.8175713800275796,0.535932737125033,0.3801843109581177,0.8121414840638295,0.14710221607208088,1
0.5138023765162393,0.8412531902030338,0.7701611383958854,0.30142287929015626,0.7677514438234473,0.09346399692156708,1
0.4312869360986982,0.8055477137611349,0.5672642513991747,0.34340641551965817,0.7976328559733777,0.12069887206896522,1
0.4009880130246309,0.8939344488010449,0.5406582307403679,0.3483594109873867,0.8132006256897745,0.12301087699803563,1
0.371416669758152,0.8717915468772798,0.45946313624802215,0.3612000519242453,0.8230092870676419,0.1324069052635392,1
0.414221992544693,0.8434276925434125,0.5621970626793321,0.3379958888410952,0.8073206647027452,0.11661672129444138,1
0.3718929115953271,0.866923123482458,0.47689991650779245,0.360143857115469,0.8241931034099749,0.13206802928413489,1
0.32157767949954025,0.9005303326765478,0.3964769381879931,0.3912963185727447,0.8466435906528432,0.15460226465013285,1
0.3365843037428955,0.8433945162408713,0.41449913849485515,0.41863235463233434,0.8393590792329845,0.17723155714927816,1
0.513083897575409,0.834318208091536,0.8478567298654439,0.3444823382049283,0.775058513769626,0.12127443332117899,1
0.3966310338553209,0.8618671073477694,0.5426117850166603,0.35443099502063147,0.815935660925065,0.12772156182598388,1
0.3625365192091059,0.8428828361196613,0.4683699593254849,0.4175612781188361,0.8291455486724777,0.1767071048740907,1
0.38898780938338334,0.8729928148934624,0.5052951051609388,0.3478523406919885,0.8169515977755726,0.12301165791461506,1
0.37118143369918505,0.8171461718143941,0.4952486084828496,0.42781259071397687,0.8264149247428483,0.18519165069748514,1
0.29890119058637377,0.7750214293741138,0.3634970827281839,0.48291629196555813,0.8569398943093821,0.2354703610504074,1
0.342595561697899,0.789189928602574,0.4205499813964426,0.4504358026022961,0.8364174392344293,0.20538600250742403,1
0.36784121436543,0.8211297730116524,0.4514790010396401,0.3793513384531639,0.8244213581573342,0.14625779424940694,1
0.4119549295943936,0.8376899019212772,0.5954293924341267,0.428487405210838,0.8117455021064405,0.1853625975282406,1
0.43909009101566676,0.8159091278405527,0.5582075947021092,0.3518998631468617,0.792325579876013,0.12659841263951446,1
0.37743472695307,0.8934572951705827,0.4974982515932198,0.32356299766626,0.8228642028946349,0.10658904405115228,1
0.3690730287522359,0.826041492063546,0.46943093690525767,0.4003525594992976,0.8252693936100556,0.1626432632105365,1
0.43672882027379495,0.895328791562064,0.6088961789025552,0.3071267603449162,0.798149485916615,0.09653367676838887,1
0.40581419377608524,0.8617640066791443,0.5415126320725248,0.34405021781813466,0.8103743913031898,0.12094268181340719,1
0.4413285981752997,0.9054939205164275,0.5889902571622335,0.27899964468516386,0.7939094909270333,0.08007388340559614,1
0.33589468632160174,0.8516946590930656,0.3975335023105117,0.39898723283100024,0.8381555104197408,0.1614935058277178,1
0.5839440447920143,0.8116238003099068,1.0374481614027016,0.3189193315479251,0.7504648077110776,0.10408230412466359,1
0.3621921854231471,0.8397486428702144,0.4455754332488751,0.37218625437430825,0.8271870553619035,0.14087991880789177,1
0.3054543818438548,0.8049474106905441,0.3953133796345721,0.46443880746528127,0.8556367834828551,0.2177334019993126,1
0.4817725956761167,0.8628997940420627,0.7449403390618036,0.33045973160193803,0.7842510435670085,0.1114477401450708,1
0.3535917653295129,0.8247222478799477,0.4491344950238141,0.41525520261426624,0.8325991578980362,0.1748025631300509,1
0.34946253304959,0.8391322655440487,0.4835419886559471,0.46990520001903063,0.8382296755802193,0.22252829763154822,1
0.38606834254031486,0.7539528400822451,0.4715388784339171,0.41410635357313547,0.8154637164254702,0.17424460577894405,1
0.26949947139762526,0.7618018478076052,0.29924768428000686,0.4774890558695084,0.868224338339306,0.23012284329680024,1
0.41685964400537756,0.8419197659340255,0.5857983478053377,0.35185326934840216,0.8076623772553272,0.12630689297452793,1
0.3889441418567175,0.8404675194962502,0.495481351689445,0.3540697041705674,0.8160551379419899,0.12762840459893773,1
0.3471271745614235,0.8636540762276222,0.4558115479685107,0.41208553634557754,0.8370196511489415,0.17169720044865558,1
0.5165951404232217,0.8756507016677544,0.8397935707026903,0.32194808162902183,0.7723852412828395,0.10570735536113529,1
0.42379544007630465,0.8904599579293548,0.5694105301974769,0.3230414995774939,0.8024644466332789,0.1065650396729763,1
0.3846034561495044,0.8670168293847081,0.47897891514849417,0.35110818571388563,0.8170361478756049,0.12569181472362373,1
0.46535924991961614,0.8476676897488641,0.6380455987791734,0.3092849223586291,0.7843475462581434,0.09836520787400738,1
0.3083358242162983,0.8306294696379327,0.36671758157196904,0.46648212110761295,0.8515650142683603,0.2194838062482185,1
0.3160498171098287,0.9067402974508848,0.38212741558493507,0.37130659421562834,0.8485106330347335,0.1396990451888945,1
0.28951460024511544,0.9000777966381489,0.3807587484052412,0.4674097650399291,0.864134845680959,0.21999787289259057,1
0.30120905539516923,0.8666718067928484,0.36848254463953817,0.4450211946108971,0.8560292540568791,0.20051102795192868,1
0.2997650375047674,0.8598300845180238,0.34167674552648125,0.3916073233085196,0.8542950405894935,0.15539893240125388,1
0.31142752476737606,0.8122855424722779,0.37413099707658315,0.47569427253267144,0.8505188825407322,0.22870771079192306,1
0.41561020165614343,0.7984572015638681,0.579682972127475,0.38015243606855176,0.8075577085462601,0.1474354818578883,1
0.39769455816729155,0.7638096502593209,0.5251529425671381,0.3985174906331143,0.8136336791956151,0.16196252500970848,1
0.4096581453893711,0.8016220419061696,0.5497946885961378,0.37716845488097644,0.8089565214534232,0.14504006449431334,1
0.418582551217773,0.7624996323620539,0.5773791512611466,0.3994056914809969,0.8064243614024504,0.16276323668776962,1
0.4000966741438949,0.8635848579884873,0.5397249150432241,0.3952756250699201,0.8136797860907271,0.1582437532326539,1
0.27149965820138294,0.8698517314337989,0.29747758986207623,0.4384610332211642,0.8668479640653777,0.19428751067840677,1
0.26545283259063285,0.8336220680196287,0.32458908848889645,0.4966685149515777,0.8730520635440233,0.2484868342550782,1
0.30364457719171023,0.875352183782608,0.3514537378554592,0.43029732050106245,0.8529563678359232,0.18688277265672115,1
0.3850056284739824,0.9009251548397786,0.5470705631423264,0.3670771609979015,0.823184962895323,0.13698091137141363,1
0.261479930953958,0.861016163877146,0.30101335436884796,0.45794991285226144,0.8731885029997081,0.21129893732872326,1
0.26024178948855115,0.8688141208376132,0.2976158855524707,0.4624367199732527,0.8736035969992275,0.21529422247748964,1
0.2631153833950532,0.8842461867735736,0.28741771469227206,0.42228587902529346,0.8708725414321954,0.18008655815673671,1
0.29403811455134105,0.8596290657630062,0.39218027987491305,0.4571946653556396,0.8626313749856057,0.21068422726264976,1
0.341560536919502,0.8984724122740899,0.4446779813817571,0.41781493793185387,0.8392705992534667,0.17639985340040323,1
0.2836974092998496,0.9083006762910643,0.319092469773412,0.35639549595978587,0.861654737293116,0.12870631648681027,1
0.43253511801722205,0.8436439913855006,0.6002566955646313,0.36118138911722064,0.8003738043152132,0.13280296486780843,1
0.4154275841814394,0.8377965219472442,0.5375670178804274,0.3427418749470658,0.8043299057387346,0.12044966523216279,1
0.5078632748159546,0.7695733439129314,0.7406102832905775,0.3403023738695819,0.7687800870577397,0.11895529127848296,1
0.4192304293002744,0.8141540058612283,0.5820604245244289,0.40712545248322174,0.8061760368354441,0.16847916000554042,1
0.3617548036430291,0.7623781497179443,0.4724501017096065,0.4134368848264444,0.8298512059042659,0.1738188734548206,1
0.41164389837633997,0.799505915869851,0.5717899965860817,0.382728575365275,0.8099714491168611,0.14939140580574342,1
0.3110269269803715,0.890219501798773,0.3618672764632976,0.41493040407213416,0.8495653049387938,0.17404277382829944,1
0.29443784606036166,0.8853171198110656,0.37424454367444265,0.45415442515168003,0.8606709110792187,0.20760542536795265,1
0.282071708504313,0.8958750535592416,0.3150667769723782,0.43379067538856525,0.8622388860352762,0.18974690557711704,1
0.29737563571191267,0.8806258765345727,0.34664952111588127,0.40295408070361677,0.8561980708706723,0.16458032139726855,1
0.24714165751223038,0.8378523638035861,0.2817205127916352,0.5028859049915609,0.8798795306179156,0.2542969412956601,1
0.2607844905557688,0.8915340862729878,0.32511819760709265,0.49853181533919694,0.8758862726886719,0.249911553999385,1
0.33729769299433787,0.873920394916489,0.4226835829054613,0.40803017708044925,0.8397534675604207,0.16866358709652504,1
0.2582721067697215,0.848936710788541,0.29947850150403604,0.48702826933111537,0.8749218086149165,0.2391020668228712,1
0.3976250549135756,0.87921962563353,0.5645231005156696,0.36307308617708983,0.8171534891452824,0.13379057067267938,1
0.2975467857630884,0.9383767959557453,0.338779585886495,0.3179867257574766,0.8553491398806768,0.1027374734973206,1
0.40528584936683393,0.8061772750439125,0.5495956649636077,0.40069755139762564,0.8114819862987982,0.16332111139227146,1
0.4941264210978417,0.7639241395357778,0.7432758910890991,0.34430053119910903,0.7771465062933739,0.1217208171687278,1
0.5898834561512077,0.799348082744606,0.9713924289524328,0.2961407006772407,0.7412886367309229,0.09055193761200896,1
0.4921502336778068,0.8010395956041565,0.7173256955965198,0.3252381663414056,0.7758738510912884,0.10868345176339776,1
0.4686624007904938,0.7905724830582597,0.685838839349188,0.35027515422060124,0.7867357463531551,0.12574501870204688,1
0.4246049102438587,0.8407192157446493,0.5550630682343637,0.338114225402673,0.8006661206202024,0.11716607368916687,1
0.28971775920297976,0.8611469901097998,0.3520470769539587,0.4687955265560108,0.8613040063697968,0.22147158913824594,1
0.29142758174766925,0.8648436399325816,0.32093011681005706,0.4170771278705168,0.8572319254789728,0.1759701915081748,1
0.2804966400978078,0.872471750874336,0.3188836494526904,0.4206548065514825,0.8635699547540238,0.1790218556078896,1
0.36983551856573316,0.8598189949580819,0.46334428885884016,0.3660781578716065,0.8243711398231209,0.13620378680135262,1
0.3135394145779355,0.8795775843836532,0.3780865192099305,0.3999900321141466,0.8496562678691658,0.1618967113405064,1
0.25426545469532896,0.8606699669144686,0.294340936891188,0.5012026860274095,0.8768521529890022,0.2527939707277755,1
0.2870914422170028,0.8899172002613073,0.351565378063043,0.48185431344975593,0.8628083464442756,0.23411351897555355,1
0.3425386846803498,0.8951846089859167,0.4383431732347966,0.4216258679875344,0.8382134637793835,0.17972515770714315,1
0.4155572704001083,0.8614217741431874,0.545184560889786,0.3468335088103729,0.8050438219980163,0.1226821998005526,1
0.31798259369913484,0.9305933289129569,0.385769029172089,0.36492568180037627,0.8477262471424266,0.1348742477147899,1
0.42911923950063136,0.8035068876561332,0.5996310258012445,0.39242596170279986,0.8020384580482228,0.15688155585382804,1
0.5248487886572668,0.8069858296188116,0.8062578394598932,0.3311898620267812,0.7644475550060688,0.11249928283925516,1
0.651305082992705,0.7782619762570885,1.1305342912680265,0.27029532410495344,0.7198259288831391,0.07595332920553305,1
0.4807678805099768,0.7907601548217428,0.6555294611387735,0.34350418543205086,0.7767313564869719,0.12114911911592441,1
0.44702943809433177,0.8145532088195945,0.6295432108034126,0.34530645637418295,0.7941303412564605,0.12213072888826894,1
0.4060298024140639,0.8064495769869854,0.5186886845933798,0.3627305195598864,0.8082246007616208,0.13443344604665983,1
0.332050337772788,0.9014633430041346,0.4233142510948648,0.42690637222920613,0.8429177127212575,0.18356946498626855,1
0.2682861734638342,0.8512541209689068,0.29855508299772815,0.45503737668026395,0.8688611363385532,0.2091038686131831,1
0.3546145577207729,0.9020905139119039,0.4620738671285853,0.3926261036036593,0.8330948534762898,0.15589355413449088,1
0.3866296674733092,0.9030329556665668,0.49187360822461246,0.3278109919565301,0.817064675144661,0.10923409281164527,1
0.3555660998433538,0.9000836764082338,0.4455243336396457,0.3577993609991686,0.8311569523779658,0.12975969327376727,1
0.2875569909352789,0.8581181687324401,0.3384729170368355,0.46906210106697993,0.8612853058141883,0.22192106770547082,1
0.33569741441281725,0.8907338430840305,0.42567510110899937,0.4103428720847557,0.8408590853640163,0.17033741229054314,1
0.388800656290675,0.8845727497967953,0.4990696306510978,0.38306176274349407,0.8164860962570829,0.14913156693241303,1
0.3761782381048369,0.8508658040286495,0.4740098350205944,0.3851526441877567,0.821642637451172,0.15068139587960327,1
0.3506700864995065,0.8790502241991582,0.4487394296728478,0.3628535878781485,0.8343807168364101,0.13350204740598912,1
0.5095655660263383,0.815595602683536,0.7317509393636765,0.3282065505566136,0.7671650207776909,0.11054189941979066,1
0.5927193754670369,0.8225791705006876,1.0184469886294143,0.29777948308744356,0.743201098351963,0.09143413097561952,1
0.6101210139890898,0.8079396463174741,0.981070359696575,0.27418338223013766,0.7307121075683436,0.07798830604380519,1
0.546022377640134,0.8176100454264897,0.8554023274167052,0.3149707570087849,0.7564781614684463,0.101980001279106,1
0.5737068707720547,0.8053037045649408,0.8995342000701485,0.2908071746825071,0.7448441647288898,0.08745434115874202,1
0.4627557025628008,0.8412064100094896,0.6459476272059151,0.3168936038416977,0.7863304540781021,0.10311124907912313,1
0.32150818090362787,0.8950314139178959,0.39320103770774123,0.3751257606096064,0.8463604819478402,0.14255966347481208,1
0.2988994202749235,0.8485486443537457,0.3517810902409179,0.4467716928983086,0.8558081197484045,0.2017587695080486,1
0.3240693369358834,0.8720950247940977,0.37269854849767353,0.37793474928694076,0.842816135728182,0.14505611894922418,1
0.36991774330383964,0.9100429024426008,0.46895543593800587,0.3218163889178586,0.8248638866786598,0.10548599528204856,1
0.32716603291881274,0.8714420958262615,0.3762508904723633,0.38148802098585444,0.8413149362573226,0.14777886284202438,1
0.29526433535525204,0.8486065151663543,0.33670731780526086,0.45202258578207816,0.8565045149922751,0.20630838193330917,1
0.41168739576734575,0.9071933075464954,0.5481227866853233,0.31526271142455414,0.8075514818294228,0.10141001945939221,1
0.39654329225664536,0.8746726012866644,0.5190644675243173,0.35823750196715687,0.813862617768896,0.130671653240547,1
0.37376282698916974,0.8480265212309721,0.4495726552046346,0.36135681712716755,0.8206684849661089,0.1331926091015986,1
0.3663042803720715,0.8835598118495734,0.49434709870247523,0.390235004393057,0.8293906686470408,0.1543483782562046,1
0.4111301384502662,0.843189731021233,0.5469384853435167,0.3657301259530275,0.8077716916392567,0.13655023678289488,1
0.5606692860111159,0.8657403910413318,0.9126526982232827,0.2792760315294271,0.7524980657937755,0.08034554916162595,1
0.5106003781514632,0.7810493352412441,0.7335165420374211,0.32282015034610484,0.7667124411944588,0.10702451135614338,1
0.5468443448288681,0.8551544134103768,0.8733352021419106,0.2969308173750208,0.756587253757652,0.0910052504949302,1
0.6676920793272522,0.8185852050444778,1.1802034768082308,0.262495297524076,0.7142552593536534,0.07202977375829263,1
0.4714024234007217,0.8548789705416077,0.6670610006095578,0.29393926618348126,0.7830833944838617,0.0889434048436236,1
0.30582518055120717,0.8888160279295096,0.35710027076228473,0.420133102608608,0.8521772879759558,0.17856285621869397,1
0.28758575137183073,0.864873591777879,0.3802135848044615,0.48412903635587656,0.8652765535658248,0.23623195884398415,1
0.3185642556830346,0.855713322058063,0.37884445510718945,0.40198215444722535,0.8466816202466322,0.16362989745243497,1
0.3484280282474401,0.8972335977246927,0.4294567453086404,0.39676574659232317,0.8337942623146932,0.15880361601845863,1
0.41293512860884185,0.9048308026541245,0.5552925056989196,0.31185413434740367,0.8075952607557131,0.09885756232636812,1
0.26494920276339945,0.829673615694991,0.2961192461176781,0.45792222914644776,0.8706149800631935,0.2116466464956884,1
1.0864269760165348,0.797686781555831,2.4662963817984567,0.16015909411341256,0.5805646838872628,0.026728855255465454,2
1.3597188705015213,0.7901665631686695,4.031860644297868,0.13791035803467508,0.5342400936685715,0.019999163311651632,2
1.4151944548056266,0.7998833135671702,4.3691116297740615,0.13085639138493652,0.525365027437668,0.018089208271056385,2
1.0298416289558088,0.8119164808903081,2.198510450261704,0.16546650320492445,0.5930767913037359,0.02856145157404252,2
1.4842467878310026,0.7887346035799384,4.758186235880267,0.125501240646591,0.5115860425679815,0.01662001944615039,2
1.4205966455243797,0.7831267651176708,4.456766153781667,0.1304272595830189,0.5263507559680384,0.01794677678807351,2
1.2243308448320314,0.8037610715506686,3.202985196345376,0.14574508513973009,0.55629787966203,0.022301659054567338,2
1.2514580723132285,0.8052574022400494,3.397063770386986,0.14083638913566351,0.5531271180532131,0.020836105705388658,2
1.211641966931734,0.8052520690370851,3.068381210942942,0.1470966320715274,0.5555131903280247,0.02263937970678386,2
1.2303053405198294,0.8131768187325403,3.1166252974206947,0.1402650954919533,0.5480061564739988,0.020587726933442498,2
1.0164794574718854,0.8368457820306155,2.181483667256573,0.1610644718949726,0.5989198131256819,0.02708933885427703,2
1.0167890439750955,0.8280493315271568,2.181335760669025,0.16226292569291847,0.5987373409165726,0.02749821659792431,2
1.0827382211331569,0.8399991898008207,2.507428530997843,0.1537444324879879,0.5870531211804103,0.024772379016086876,2
1.1489475015130999,0.8367939087332021,2.8052232327734488,0.1454143777877857,0.5717898878953468,0.022240478049167806,2
1.150045263727956,0.8255238162181763,2.7971097444396986,0.15300361544282662,0.5706300072347764,0.024532182914885056,2
1.2075760404652303,0.8169154033058891,3.162235345089956,0.1460978618940593,0.5626526334367274,0.022487995830313343,2
1.3773993287059403,0.79484038585058,3.9679293988318918,0.13009703709951387,0.5241164414446343,0.01774898291439759,2
1.378957869924351,0.8083482011565004,4.0517261350891625,0.13105900000434711,0.5281552838283757,0.018131057878350506,2
1.4166172002014428,0.8129048145372595,4.345996088979807,0.1268110772054231,0.524984173359988,0.01698059196428776,2
1.1970057328854944,0.8238385029771095,2.931045743367387,0.14231134673775728,0.5546489650956266,0.02121285244803002,2
1.5654604107387378,0.7980826051461739,5.26900960305127,0.11797009879825458,0.49943285717776803,0.014765812449443931,2
1.5164181371695642,0.8050395118649689,4.951729599955599,0.12247122700993308,0.5074993802417319,0.015847413932674654,2
1.4618335379287073,0.8190701448616823,4.602362851998319,0.12366972825359639,0.5155607995300422,0.016123775050673115,2
1.4876894988722758,0.8058827071200061,4.6983795489201166,0.12535754621998998,0.5081868808595521,0.016533155950275314,2
1.4585305704640419,0.8159294984345423,4.445814622115198,0.12213967423771487,0.5105339649394892,0.015692635475780498,2
1.5678049428199852,0.8123947757661741,5.1739467850062875,0.11530424903942997,0.4927048926363851,0.013983041032074569,2
1.1781808120848416,0.8106535702181715,2.867999260691034,0.14836727523935303,0.5602689298330522,0.02302523795567309,2
1.1877851595655216,0.8067701914380474,2.910662869592402,0.14681282435045745,0.5585849199721082,0.022586117000371612,2
1.2205573625842503,0.8242357439829195,3.0692510553111325,0.14337064536077673,0.5524226482952906,0.02155139950500569,2
1.1983517025212922,0.8275184559609089,2.9924834543774015,0.14416379774233795,0.5579447581350429,0.021802953683508555,2
1.250475323550848,0.8283256689225373,3.306656939883185,0.14057633512768689,0.550373443700812,0.020775546998546297,2
1.3304799050859266,0.8207925902124179,3.671640858260105,0.13378782492567254,0.5325151601031637,0.018869606032117965,2
1.5136413798054058,0.775290717637409,4.642777892797985,0.12399260488557624,0.49445725648714317,0.01611450692984066,2
1.3740777861328952,0.8169070501310914,4.1754875697842415,0.13141624558215928,0.5350812442811008,0.018171372682781697,2
1.4559626060950253,0.8105452840379082,4.5173747825114425,0.1255479319970007,0.5144409958824273,0.01663601579882672,2
1.3634004227449275,0.7967442270943884,3.851752060976557,0.13262597219532954,0.5250479648199522,0.018439035318669843,2
1.4993994287124204,0.816695374234619,4.903003035796183,0.12174054432078872,0.5119002635999583,0.01564921377769311,2
1.4385077457804758,0.8273592805665881,4.401576398413767,0.12552534350002165,0.5182989020712749,0.016584902393178457,2
1.488679286689732,0.8154081309233178,4.694593587464582,0.12390863302516729,0.5086923500851038,0.01617622949740614,2
1.4598876901440443,0.8160733127590202,4.433914353038802,0.12393893082352463,0.5093534556789747,0.016162098579417524,2
1.5520597495582988,0.7861623418595863,4.844311706172793,0.12068934098295002,0.48749499356298825,0.01528611368627296,2
1.5719830761843954,0.7973432213675169,5.056926215211355,0.1158289263202471,0.4874978704517521,0.014116729580804975,2
1.2529133761939404,0.8134827908289632,3.2747312808017397,0.13937309923501304,0.5478475294888792,0.02034851814884783,2
1.2589561507308478,0.8099856396455313,3.220267785303664,0.14135798128744384,0.5419561390648117,0.020919705130034286,2
1.2436088054667465,0.8351011998519219,3.2705345931912784,0.1371993244067102,0.5523086023878309,0.019796623588092328,2
1.2509177980755168,0.8271727806500028,3.3043381770670734,0.14076341654180285,0.5504669431884325,0.020796109846560055,2
1.2536163176590824,0.8253053275398575,3.3642989487436403,0.13784516284541695,0.5513110466145927,0.019974756119410925,2
1.3454455143168573,0.8234001896456647,3.814326508737389,0.13488072404493157,0.5330025072548074,0.019122589534256978,2
1.4769360812180572,0.7854270909649052,4.395556194901295,0.12405067498705984,0.4995983468409317,0.01611616827706783,2
1.392610120411427,0.8102361706379452,4.056031857642476,0.1302449219862374,0.5227752930496715,0.01785902540442388,2
1.3919516448381533,0.8081260534370034,4.163905632073418,0.12929805997663593,0.5267678784948043,0.01762578846821658,2
1.4819826541282055,0.7913377689126088,4.450250627733243,0.12316299009936205,0.5012271337900073,0.015930134075178137,2
1.4382054052541766,0.8130276163330552,4.398200001489062,0.12502435602906928,0.5168011045286045,0.016459118875399897,2
1.4427155095444117,0.809054831963049,4.358810427640792,0.12534722031884152,0.5137373009268905,0.016529331113486284,2
1.46643820693964,0.8028699509113526,4.469494628965936,0.12505230474141296,0.5088531160028639,0.01647393095076082,2
1.5756749898746405,0.7839006635080127,5.120816413328955,0.12110241090597741,0.48813082322485823,0.015391636154158962,2
1.6094480925287302,0.7815390475342793,5.3577540511086,0.11748708551247777,0.4853852957636491,0.014527469850067351,2
1.678800683595863,0.7981591505749538,5.814369943163399,0.10989670722235934,0.4726278918597735,0.012704568504451433,2
1.418053269650068,0.7969509530378683,4.080517538296989,0.12851256369533923,0.51146525524077,0.017326413702272832,2
1.2888818676120215,0.808368724995245,3.4463573005984665,0.14070920089363478,0.5402179612298225,0.02072182448674913,2
1.2960965225346426,0.8233008279968398,3.475606457051034,0.1343792257824554,0.5372317592910291,0.01897132291214271,2
1.2887450443119626,0.820710617332328,3.4187850729831095,0.13687658107630468,0.538887924002705,0.019686030906279087,2
1.280275705596403,0.8167903262388668,3.421359136295159,0.14120482828826442,0.5429574341120557,0.020898167664874883,2
1.2727689765980308,0.8338913864027787,3.4072400419018805,0.13542898946963536,0.5453592785261886,0.019292976058374347,2
1.0620181338958294,0.8054450701596375,2.3341724443540186,0.16365964841387234,0.5854565401810806,0.027921345456919617,2
1.42799433231277,0.7866969978867431,4.46225657364418,0.13048297855200025,0.525103874921631,0.017995056015356056,2
1.4791168757789686,0.7916176260120361,4.758402080653309,0.12492912985912545,0.5133905763785024,0.016493642621835527,2
0.994174119589523,0.8160605114047789,2.1036412704049194,0.17006098045121584,0.6049040120323658,0.03019313100191881,2
1.5697734946549915,0.7855979293998954,5.504832018481483,0.12203755562311087,0.5053304520127903,0.015765570144029604,2
1.5075446654550355,0.7840520172212702,4.94432115573113,0.1227036591864064,0.5103467834702068,0.015916813090785832,2
1.3839365472244307,0.8019894982434388,4.099428054359597,0.12957162233823113,0.5275588987502949,0.017692693448703205,2
1.2734789358488514,0.817988010741212,3.4835263774749516,0.13648278922958879,0.5484619927142832,0.019607692593649355,2
1.2742136349982303,0.8102954909783132,3.368614615142303,0.13838275599931057,0.5417851193290639,0.02009177984440194,2
1.2764221271625589,0.8185395481148442,3.451124120525525,0.13715395336799863,0.5456164599809358,0.019750471238007727,2
1.042681234357681,0.8294091388198622,2.2604365922274634,0.16164018131044763,0.5908497754419905,0.027273779535771477,2
1.031513882569074,0.8375312578716909,2.281894537348387,0.16051258248009825,0.598020828098995,0.026952130433214278,2
1.0726137294465292,0.8290233573096129,2.4654472106541427,0.15580591537251365,0.5884777013204577,0.025483584327263248,2
1.1715618044010212,0.8293124166310967,2.8811946019388746,0.14722813443513866,0.5649053088654444,0.022765704075007494,2
1.1830973737585546,0.8310198314736127,3.0236208247083938,0.14688949193244819,0.5670179777390876,0.022670002386848728,2
1.2763801545338584,0.8156372087628793,3.5371993824992956,0.13956547149917423,0.549692985417843,0.02054024553198446,2
1.0801854504614752,0.8043179373339457,2.420650723903486,0.16077494925201474,0.5816153966021653,0.026937722283412777,2
1.4445911980028703,0.7943827083519873,4.504059447871165,0.12822398733085186,0.5170988922992079,0.01735567755438823,2
1.4922662251601568,0.7920180104546702,4.837268818279242,0.12359190093601115,0.5119025881634364,0.016115484200306684,2
1.0565057526542005,0.825209431571084,2.337393508019514,0.16122019098823748,0.5883850347494762,0.027127766670825077,2
1.6125937722021264,0.7722659358677779,5.557839953421767,0.11649436304222699,0.4908412821612734,0.01437860015577496,2
1.5394630686665856,0.7865490462641335,5.295677223830653,0.11955481058744354,0.5093990417692679,0.015099483421206712,2
1.438137407961828,0.8123253740244273,4.443324937326357,0.12814084495014044,0.5208313183505343,0.017307209579753274,2
1.3803661114395085,0.8238573704403706,4.105127652886681,0.1279333750902725,0.5305212889311071,0.01725640336077947,2
1.3049312116932799,0.8284495077946944,3.67257287059317,0.13637328736437807,0.5440222045682873,0.019566811765027604,2
1.2704939552859746,0.8265890493154542,3.42130251105532,0.1366931217624178,0.5461861209587747,0.01963204184201242,2
1.0745811617961325,0.8299746111233807,2.43480208138589,0.15594845145940534,0.5856197947428444,0.02543532882714171,2
1.0165807079227125,0.8446316230328362,2.20067417773323,0.16210862831423548,0.6004696914359956,0.027461119884088104,2
1.086031329851198,0.8376748929107127,2.4901581585332404,0.15244110932963886,0.583301393371614,0.024373076090512414,2
1.1961092045116841,0.8361920813554268,3.0795437243479475,0.14477741128620386,0.5646634393142244,0.02204752050844806,2
1.2301821116423157,0.8192863070398352,3.257074424497621,0.14123826140606963,0.5571168698851673,0.021032721504572197,2
1.3945908772630216,0.8057526806907988,4.2275601983779305,0.13305589769144976,0.5282243928570972,0.01867029752218146,2
1.0401123030335906,0.800101102974699,2.2721822725328327,0.16671034831458084,0.5921475721234706,0.02890906808135613,2
1.5317399926867068,0.7920952393881423,5.108263968341881,0.12530148754650838,0.5076466697255376,0.016535779529281782,2
1.633499218774163,0.7830328471790969,5.687043839890763,0.11629486902564151,0.4874508783774994,0.014299669092205322,2
1.0948228422638657,0.8198411299911377,2.4990871458782213,0.15635851123673358,0.5792458852899737,0.025510727514300818,2
1.7244907668560856,0.7742864081859698,6.444427844938441,0.11252109980231044,0.476673760100035,0.013402338292467517,2
1.6358747023767508,0.7890603641212648,5.7604538629200945,0.11887625644282042,0.48855357299524566,0.014890255545459924,2
1.528439967355972,0.7832827188964133,4.975393867174206,0.12272928278077315,0.5032111655174618,0.015886590852446463,2
1.4171142947786126,0.8057667246541375,4.259529671440064,0.12886550565841928,0.5208018433847981,0.017510638856372912,2
1.340797059496034,0.8100048715816529,3.7620594388144126,0.13335736752074331,0.5317413926362863,0.018721900270500018,2
1.3471678872842638,0.8221662401549725,3.870871524986974,0.1334235349505455,0.5330998082126582,0.018695281465364415,2
1.0743622497032135,0.8318129058030853,2.409866050923775,0.15723266262252564,0.5840512808707508,0.025806632302004584,2
1.0813856414195906,0.8306027824695047,2.4691671281112293,0.1574906770484181,0.5846750620802945,0.02593937732143198,2
1.1581056345487448,0.8293910910602431,2.8660912286960536,0.1492068281224677,0.5703629635283424,0.023352478842167748,2
1.2321641786342807,0.8259888640132892,3.1746918593156246,0.14237039728771314,0.5524002714764629,0.02132528078607933,2
1.2457002765860865,0.8356379596304562,3.406686355228191,0.14417689125065172,0.5585338857337626,0.021838358023467827,2
1.3794552257874428,0.8070512001548961,4.177249873067853,0.13317091797213923,0.5330488842105224,0.01870012334781684,2
1.1482307912022163,0.7965023989791136,2.7783819862745034,0.15441886352631937,0.5690255134598463,0.024919077704823194,2
1.5412371315117903,0.7872013467195034,5.066975845534284,0.12394702070953173,0.5008940459282443,0.016208063873301922,2
1.619030534602546,0.7734590101054035,5.579344102417781,0.11896761114770954,0.4897621020408435,0.014946381117217904,2
1.0859613677035316,0.8406452308805191,2.4880091598457033,0.15266923475167055,0.5832715179606512,0.024357486412657604,2
1.6537385912270661,0.7706278955804104,5.856929305885035,0.11686820093217558,0.4836676843411159,0.014433872173421377,2
1.5638649270022962,0.7855683869817939,5.334707234540534,0.11958139524167118,0.5026000247157012,0.015091051543199343,2
1.487780711277682,0.7838469972525965,4.78689113199452,0.12624072580623832,0.5101751391983979,0.016802544742838408,2
1.4304981075127132,0.8115368106427359,4.37602485641118,0.12445024058325284,0.51801805411582,0.016344741589683864,2
1.341790617380614,0.813347331240945,3.8280469982097842,0.13245531626492096,0.5329535723310554,0.018446576003342666,2
1.3513311107371575,0.8217293780523213,3.863698678760581,0.1315213341198998,0.5316708575728597,0.018216265528866942,2
1.115732051385869,0.8343845938193452,2.6429131297129778,0.1498338330006595,0.5781113981327467,0.023536415975878234,2
1.0896325655738546,0.8337605267005145,2.5131723130814847,0.15518228723385794,0.5826632468002791,0.025223395409349123,2
1.1433449727088043,0.8296556704201978,2.8281783909294114,0.14749399064100768,0.5754779394100702,0.02286655491236285,2
1.231736908403595,0.8309959339359794,3.286116558601631,0.14056291790803493,0.5581907384822061,0.020815742792883354,2
1.2616288821065085,0.8300215198161965,3.466057143940612,0.14042161374491743,0.5537555570624296,0.020779937421179073,2
1.427435075644798,0.7944410633103369,4.31945608563397,0.13119171653857659,0.5196888933695585,0.018152523942973203,2
1.1701413497541477,0.8116289871749571,2.8921201620639696,0.14852479116086856,0.5654798762853243,0.023060321974886302,2
1.5039032855574763,0.8036180802928857,4.913287412660994,0.12789466780757122,0.5112348910910413,0.017241642382041785,2
1.6567801595053748,0.7867933468338432,5.896908719871653,0.11562277602296345,0.4869904495732662,0.014161716285016028,2
1.1434582687864263,0.8139196740086203,2.7230686781429188,0.15169646907684226,0.5696642639470828,0.024073879100741602,2
1.7566194467784852,0.77499386999455,6.6015214970722385,0.11177320591506164,0.4722928991608543,0.013228145515031013,2
1.6680490995745592,0.7836393145708845,5.817556416087855,0.11514648891392763,0.4790953514120981,0.014004181662135443,2
1.54192038361304,0.7973822439085101,5.140359343018781,0.12270741630401698,0.503760929214315,0.015863203003842585,2
1.4582048888607562,0.8088014555178232,4.4944098693252945,0.12322204740168123,0.5131943935273307,0.016034854380460303,2
1.3854042553993378,0.8181488512055616,4.052662892742599,0.12952494958074814,0.5252933404849043,0.017665576848267597,2
1.4076039634643296,0.8240120105922265,4.15804979837202,0.12482663993933885,0.5190651328666046,0.016404121197129456,2
1.1436953093293478,0.8034535031458102,2.713301054390358,0.15240058026879458,0.5682698714602997,0.02432277090645818,2
1.1218569322822294,0.8373813249627716,2.6790403982553586,0.15239383363666242,0.5773168272242106,0.024271482179860537,2
1.1792900342536246,0.8219518080668275,2.941777599205803,0.14950896474673186,0.564121192624536,0.02339146101125358,2
1.1899817378895625,0.8374770709499533,3.052487840248966,0.14688318077581503,0.5655208377958151,0.022666152566275452,2
1.2682416688721552,0.826960809722924,3.5015570803996634,0.13945769827492574,0.5521769139245615,0.02047736395676451,2
1.4003753176192382,0.8144255363950984,4.277782197310946,0.12987000734366794,0.5276922121549501,0.017800530895174627,2
1.2162824253648992,0.792104342215053,3.0947498828553197,0.14687810265459234,0.5544681773014425,0.02253164326749678,2
1.4891598632545735,0.8025777152074016,4.808002379773928,0.12461528272099602,0.5130573453400639,0.016418961416572935,2
1.5759062998644238,0.7910855019076775,5.515692285885597,0.1186237658084751,0.5031765272036289,0.01490502900580124,2
1.1435478339972411,0.8218332104941339,2.7032063026608264,0.14802495498161863,0.5674912813225519,0.02290958050249407,2
1.6402638550476019,0.7912467473793132,5.909034331507223,0.11764786194117645,0.49131928538401753,0.014639349561762176,2
1.627757122453701,0.7986946682846622,5.82655666162787,0.11747952341284346,0.49456541278993466,0.01459654349293845,2
1.5038565642597475,0.8125140538712509,4.820825953195526,0.12072294436870683,0.5058710664131453,0.015366424517516852,2
1.472079201963299,0.8044196357055641,4.541824384060469,0.12344348319033406,0.5092470628153843,0.01607961660303596,2
1.4754168535928296,0.811464950418742,4.565620893360321,0.12177601278398482,0.5078041500765033,0.01564902295971678,2
1.4229970649360804,0.8072720035220983,4.228020900272833,0.12538924088365658,0.5158206173366435,0.016557064163811943,2
1.1576057974387408,0.8102863495003866,2.7931455012564137,0.1512998001940644,0.5659865670675351,0.023932956221640735,2
1.1871833312183278,0.8247864195169049,2.935189458830529,0.1465345833152067,0.5608082879165515,0.02250471873498788,2
1.2190384070009168,0.8244736930738267,3.1202374096067054,0.1416757383657483,0.5559010023170711,0.021103430016169832,2
1.2319824640850519,0.8297339713018542,3.251166782061231,0.14100061411597062,0.5566039273286301,0.02091803352943045,2
1.285783506227219,0.827375614521003,3.5782377705145954,0.1385407938802064,0.5479920859698847,0.020183906824307717,2
1.3323366230502636,0.8245174601805045,3.8450971250716734,0.13515083722868218,0.539875981250035,0.019233729446687452,2
1.2722897964478481,0.7987090474980163,3.352957717082706,0.1401666166125597,0.5418651406616161,0.020533493112022193,2
1.395485322722327,0.8025822203306877,4.214298471019303,0.1308668475158535,0.5279755425899458,0.01807744299381503,2
1.5338222945269557,0.7920508263302938,5.148139527838116,0.12398949033074881,0.5075212685934413,0.016213411031937432,2
1.165726433044155,0.8212660737447931,2.810852701675609,0.1464414696882676,0.5631085745805489,0.022422812617805165,2
1.5822869382165068,0.7980564815196937,5.445102889921528,0.12067377649182447,0.4994712804519262,0.015395480588907879,2
1.5812860206760837,0.7908048830901495,5.292469918985529,0.1188221941656208,0.4947161832937592,0.014918437417733183,2
1.5490492903587378,0.7962716943449265,4.988678418295335,0.11997609742335276,0.4954069090689732,0.015183762227648277,2
1.5192055026709517,0.7924751980017457,4.898705308168355,0.12593162559709012,0.503758354185134,0.016669740255550614,2
1.536284739741159,0.790600341511745,4.9409497938429725,0.1213775353500134,0.4981481392539792,0.015535828501825645,2
1.5124957258576632,0.805454840877944,4.7258349002299775,0.1211628851186315,0.5004125155501266,0.015450815016770626,2
1.199989620063583,0.8222490556821174,3.0161382682832305,0.14713373283651057,0.5590877595931669,0.0226391200300745,2
1.2078918719454248,0.8149193724765466,3.0372354677037525,0.1456584179041328,0.5553519526531976,0.022199913598307305,2
1.18772880176419,0.8399443913435038,2.97808897652692,0.14359936532674514,0.5627349240840416,0.021651275508707574,2
1.2603353325179858,0.8262312243220563,3.3571761881180606,0.14156253851357184,0.5485657002108707,0.021038159395855724,2
1.271913889798552,0.8406835255069676,3.5004339723303324,0.1368439601776984,0.5501012089552368,0.019714248687073267,2
1.3379968177692376,0.8205575447550763,3.8161371257459034,0.13333740943877015,0.5360637951015501,0.018764517536540997,2
0.20461072360159951,0.7533576853430507,0.20762387455162065,0.5401698889794773,0.8979959532942026,0.29347084330636,3
0.33528956244637187,0.7051680690125206,0.3803487384271227,0.4501544798697312,0.8368390165267973,0.20471083814638855,3
0.40309728329664213,0.6621646040189252,0.49876098595520274,0.42970319915398486,0.8076852933484512,0.18669932001593717,3
0.21035256635736818,0.708082770580678,0.21237747268279103,0.5560471389496012,0.8950262074538582,0.3108411625959249,3
0.3722961105739873,0.6937166438262564,0.45378631929739416,0.42941138043413646,0.8218315351841213,0.18638774611012635,3
0.4908942253543506,0.7405943002365368,0.7014639547925855,0.37909537647355257,0.7748097121667489,0.14583709531280378,3
0.48823421994705285,0.6758963832035462,0.6584628459017379,0.3815006022114426,0.7723352410550922,0.1478814519346339,3
0.479237199054838,0.659290074138404,0.6104358774596427,0.39265814583387865,0.7733160823684485,0.1562961074533271,3
0.45391813501297346,0.7176541481166144,0.6227782703113437,0.4058969767897111,0.7891052067088119,0.16687772599130582,3
0.41688982724008267,0.6839995577486148,0.5137476113490793,0.40397502029726007,0.8010500782052237,0.165337024759928,3
0.26311318170019754,0.8293804157911276,0.28137422970997444,0.49190966881685855,0.870269513950879,0.2437265632126806,3
0.2674100259261106,0.7065442712938762,0.2843387361753627,0.5039785173272696,0.8679878580618698,0.25590123787463537,3
0.24658462649482768,0.7835832534539137,0.2608788779102629,0.4800185644856294,0.8781371118941296,0.23228645088207148,3
0.3538445199886158,0.820828880410772,0.45698908979045644,0.4132852058436452,0.8327773616545633,0.1727549900032994,3
0.35715754870882144,0.7602759749755968,0.42663583543760136,0.4080616425227302,0.8282617960943468,0.16867323920778607,3
0.3776307609344292,0.6880355727700526,0.43864348624721755,0.43633980740291206,0.8172670022279845,0.19268170229197693,3
0.2147946774453305,0.7392829629153223,0.22125802341934594,0.5637825824037892,0.8932489958747363,0.31952077310746424,3
0.41703192676281137,0.6686287058524306,0.5373112962628582,0.4212450752485248,0.8030896602069993,0.1798102901140136,3
0.3796310063873884,0.6858801935562365,0.46443100687927497,0.4397241512084726,0.8185028275922904,0.19577009402301718,3
0.24379514101173605,0.777782085140812,0.25513601711275774,0.4982129103167832,0.8792357698541146,0.2501570945738523,3
0.41717869388079915,0.6331548203286042,0.535411145642026,0.4265776462645136,0.8030072933468845,0.18442385691948704,3
0.5221155961682894,0.6765851502677173,0.841447330694217,0.38096025348055634,0.7676319344717989,0.14746975323248687,3
0.37729048182380115,0.6137067474170737,0.46203889623819894,0.4535711249265261,0.8194534590403132,0.20801795369248985,3
0.4325129224692441,0.6778784345446165,0.5515797511293673,0.42499387066208955,0.795500584580743,0.1826711454565395,3
0.39717364675524913,0.7115431423710573,0.48726607300639846,0.4074793264933559,0.8103053719249133,0.16827221284123317,3
0.4347774853153736,0.7055544490530687,0.5697000869609402,0.39546267941138774,0.7954706652289311,0.15859403190476926,3
0.27512865540679204,0.7672595227131027,0.31306590711933585,0.4735150825052567,0.8661159159419815,0.22620709718410992,3
0.2982165546517918,0.7644513534137066,0.3373592455138161,0.4503041242022185,0.8548006537040416,0.2048446929079375,3
0.3612954195700229,0.6920952366456041,0.44468807715486663,0.4444505132108392,0.8275419872327064,0.1997964167578096,3
0.4424431407389456,0.6601880531689246,0.5801544620036966,0.39610790553807607,0.7923273752305332,0.1592235078192403,3
0.4909537601416307,0.7113748128224238,0.7351705776617026,0.37034944298236133,0.7771677280926989,0.13933223866921515,3
0.47029669046419437,0.7068005295676313,0.6637214798192813,0.39922751127447526,0.7835753058996873,0.16160680613105974,3
0.2371468808534363,0.8101005951362245,0.24884563606016652,0.5028849605435944,0.882596435093955,0.25475346052368886,3
0.4229329667585402,0.685917075663448,0.5313385710075232,0.40488108465101397,0.7992697575803381,0.16630946088015894,3
0.40905010794139707,0.6278959673605494,0.52065468472439,0.442318363151946,0.8064483269732724,0.1980342006325098,3
0.24570080248141413,0.7644763403545456,0.2585323327393209,0.50949550509639,0.8784327517850835,0.26158877046390033,3
0.40055637537467437,0.6929390672534778,0.49989941525323284,0.40817430629200846,0.8094824101781714,0.16887001647858615,3
0.43211973808656645,0.6419446398399344,0.5568456268174445,0.42322762093988064,0.7962346723763886,0.18146398872221725,3
0.3976171196053507,0.6992808473000612,0.49605589968499303,0.4229282313295635,0.8109152811856203,0.18104371678574124,3
0.34572547250268953,0.6511327106761836,0.39671062384185757,0.474118410287484,0.8322268895914019,0.22691766740992292,3
0.3806377547975786,0.7121290386073685,0.4590839719020187,0.4209432051391753,0.8173866669630395,0.17949984433387756,3
0.3729647302565431,0.7492023396501724,0.4463963787245353,0.4152411526082467,0.8207626901609295,0.1746138472736326,3
0.2460428520485999,0.7560640199953804,0.25367578787365813,0.5169743880712497,0.8777418675582059,0.26944525695412674,3
0.3224579615269936,0.7920978464835301,0.37248598871516597,0.44697475128427316,0.8437547022095254,0.20196767800337143,3
0.28785645682219513,0.7240854285025358,0.3116819197387892,0.48519537629159276,0.8584513109958455,0.2376267151039626,3
0.33004763687633815,0.67731202310777,0.38375884784905995,0.48230187135465824,0.8403189019538951,0.23480846891291696,3
0.38169319562549164,0.6177883733473412,0.4748320711268325,0.4851826782536452,0.8183410892364108,0.23763144919704324,3
0.4582926014295361,0.6552603444011104,0.6521016463946071,0.436387848771386,0.7891440969170209,0.1926989875854387,3
0.23361750429497283,0.7590932397597534,0.24273376075646322,0.5169868611321097,0.8841028734986626,0.2692127729904714,3
0.38920622910289776,0.7132265327074149,0.4844723837627116,0.44439177529673396,0.8148277363385605,0.19961889394264865,3
0.339379960887727,0.6265679927875552,0.3860743634375679,0.4811737972805365,0.8349643121538747,0.23396927318556857,3
0.2829457314575106,0.8051012826122678,0.30617446522311814,0.4489177325839729,0.8608454704943741,0.2036376314538959,3
0.40592524409073727,0.6995087112615525,0.5166471613542134,0.4313911386894369,0.807823765285398,0.18842755481495058,3
0.3390072150575998,0.6854503171410119,0.39718404716714356,0.4841879741547412,0.8362936915310337,0.2366009255703544,3
0.3417268556292217,0.623214315615551,0.3808770609900442,0.47728451645181574,0.8330408060601853,0.23019653500526296,3
0.3493106553741037,0.6511421368283321,0.4033432505198105,0.4631900103882363,0.8307085905558828,0.21682854630894008,3
0.3413399201918177,0.6382624653266841,0.3781930228593145,0.47370175483287436,0.8330115960360049,0.2266981785562022,3
0.40036795202224446,0.6840570470239237,0.50780426113877,0.41920063104240274,0.8099573691096152,0.17804261156478318,3
0.23593260415803577,0.6783789593062024,0.24579044130939687,0.5658043446299624,0.8830194816361184,0.32207330201493983,3
0.24704421338542681,0.6813331901936177,0.2628332682316091,0.5573415738324926,0.8780560336575473,0.3124813301265284,3
0.3574749370809682,0.8272529324296234,0.44071840804941825,0.4005751744895649,0.829498840546802,0.16255728724666405,3
0.3144415011886366,0.7204056255170811,0.36479202183730514,0.47496473613748763,0.8477342222539083,0.2276817366624422,3
0.3628412870717003,0.6744463288176252,0.42371513293503926,0.46152554298600296,0.8246300963230758,0.2152932847592394,3
0.4185474194197151,0.7023776542017878,0.5566340533861501,0.42641547212106096,0.8037410990324217,0.1843443937011315,3
0.2174832096802336,0.6534454722748088,0.22053598802007535,0.5779599561719192,0.8915636729938675,0.33591519578018253,3
0.37260554656403017,0.6986517529254336,0.4487105452696438,0.43130544347357164,0.8212104479592535,0.18833678587451816,3
0.3837819131008228,0.6794672546979054,0.46329406522123845,0.4337751605492559,0.8158709172244599,0.19018580350709932,3
0.2309980384318564,0.7326940366570112,0.2380276196622496,0.5225824483117644,0.8852039389071112,0.2749328436612185,3
0.4157720928978823,0.7845813849693118,0.5212728533458428,0.4110479181353272,0.802450770422399,0.17086137988024722,3
0.4260424858651724,0.6862990859994048,0.546903680355524,0.40733360752538544,0.7988719704202706,0.16808941939716904,3
0.45155885362354026,0.6990768632961294,0.5834181748961237,0.3887540243353553,0.7870936375128226,0.1533650909270672,3
0.44513837432129444,0.6882230510470074,0.610399256830453,0.3983924490391781,0.7923928497274629,0.1606964998701821,3
0.44838112877269537,0.6913786218998288,0.5775715675156677,0.3879889995479884,0.7885606921818152,0.15265842208044264,3
0.494066075173927,0.6040507102062824,0.6692582472635956,0.4045839578450711,0.7701633658803501,0.16591531387034,3
0.25339456952895306,0.7815976433839368,0.2606761536937466,0.4876543365181705,0.8740308736520027,0.23979410274986543,3
0.1988508020407017,0.7720235360339615,0.2075007998120791,0.5562283296689942,0.9014333074526907,0.3107688459884326,3
0.2940791036650668,0.7595874448996814,0.32680644888758614,0.4537573984261852,0.8562301221522883,0.20792259267269442,3
0.31959712764081616,0.7086206676047936,0.365907836941128,0.46067113873858595,0.8448106401295373,0.21418667168178837,3
0.3510617176661963,0.670687789691511,0.4123982044748538,0.45511097363539915,0.830536299511342,0.20943739882820198,3
0.3668527009697082,0.6185736226597679,0.43377357585460286,0.4570858526872787,0.8231900063979706,0.21135488224223684,3
0.23029930219906466,0.7890221939722823,0.23607926972813256,0.50775403777313,0.8854283456533746,0.2595197694246444,3
0.34552406535354624,0.6750434630897835,0.399078447139406,0.46266287293750546,0.8325477339728633,0.21638779110933817,3
0.3190043497077441,0.6900578849084872,0.3620461845969505,0.4972210969625109,0.8447928985597093,0.24942087457955706,3
0.22703919327048608,0.7358838024404184,0.2355801615496228,0.5366504234321762,0.8873345001926706,0.2898084831939246,3
0.37887069082198027,0.7426465728442234,0.45071557837172455,0.42683866484799715,0.8177325428832117,0.18442576905063648,3
0.3863537860515234,0.6563159979473742,0.47915657704164266,0.4454363770211856,0.8158520825942971,0.20071321197880723,3
0.3585716741143448,0.6717075089746585,0.4168978677695893,0.4593427106163916,0.8264853442051096,0.21326444721019913,3
0.359147722051772,0.6285805894959081,0.4104627717395187,0.4657831484008234,0.8255369708705582,0.21931701546250268,3
0.37081298541827995,0.7661106738390778,0.44574484780704476,0.40417263674656073,0.8220231635668093,0.1654626091332854,3
0.3009283646114156,0.6422021775824316,0.32740388518883884,0.5065917936825978,0.8521803270988423,0.258790094230532,3
0.2616285518881384,0.7530125967296183,0.2739164851908681,0.4890530620589,0.8704145173862038,0.24125023910401436,3
0.26942370167723856,0.7318992415269814,0.289631240883002,0.49944091942062846,0.8673066434473604,0.25168425516562415,3
0.26983906575629774,0.7566556410239,0.28957784925956537,0.47745208301780084,0.8670543454721781,0.229870807588092,3
0.32590323188584686,0.7352651090628188,0.3868213774942277,0.4532721068279429,0.8430183477444989,0.20752068896168077,3
0.3218606301240352,0.729788802886338,0.38507891725115506,0.4696338145876464,0.8451846875921603,0.22274352096868488,3
0.3108638474288929,0.6721660553568546,0.34312985472318175,0.4786048787189798,0.8477856384765956,0.23150638321279923,3
0.2407674376989768,0.7129339574448664,0.24695305983001245,0.523509421689946,0.8802348433636155,0.27609579731390044,3
0.3280917715031606,0.675432260522682,0.3719344407415375,0.4682993133792274,0.8403296183076167,0.22173617791893674,3
0.32369882906154157,0.763313341669995,0.35573327544158473,0.4481180759655316,0.8413540301072335,0.20304695254377944,3
0.24738652356295765,0.7342641282093662,0.26310940450200865,0.5351793429417452,0.8778774960437109,0.28822601447412804,3
0.29401500851797613,0.6229925451862216,0.3178301772099417,0.5097437276230985,0.8553740126102084,0.2619951407870044,3
0.4031428616723227,0.6868442962684044,0.5249543297317503,0.44418169706402755,0.8102234687179156,0.19965984374980403,3
0.3463293988315516,0.6560183380060112,0.40031844441553655,0.4846130087059208,0.832219140978331,0.23691452471702693,3
0.2999575160332028,0.6651852790884846,0.3296421189911653,0.5292793802253691,0.8529881898947177,0.282101898117036,3
0.28963150622802825,0.6425098589322765,0.3146842405562775,0.5143388999339448,0.8576863420916099,0.2665904276257301,3
0.29347207098581213,0.6484390567672444,0.3177793637457098,0.5144299684802295,0.8556931992828448,0.26671991275137713,3
0.2533949400336949,0.7447353978497812,0.2655868032150442,0.5010415264040778,0.8745217163012874,0.2531440509908,3
0.2602967903363896,0.8058036428654615,0.2790482238676737,0.45905958631529603,0.8717236876475033,0.21272822490874713,3
0.24661623020070988,0.6856058658026902,0.2592685751953063,0.5664492865453815,0.8779571193991048,0.3224932799126095,3
0.312119949734853,0.7478591475887287,0.34799721612700657,0.4683194623033246,0.8474890988937834,0.22157210703251637,3
0.31261792407662536,0.7254745574276771,0.354354698610198,0.46467057031377196,0.847820935930097,0.21820833293875663,3
0.3328233969032852,0.7213214845304304,0.3829303707149943,0.4554723984202275,0.8385541846709418,0.20978890050125654,3
0.20950001366335802,0.7790140512585016,0.21359486555902416,0.5475201043802682,0.8956594783578876,0.30122579672040267,3
0.41180319122674663,0.6995163855229092,0.5489996453955319,0.4058313148540887,0.8068972273992653,0.16676493370390447,3
0.43877946345589547,0.6514489397567266,0.5646249714525525,0.4149877271610704,0.7930028387563137,0.17450428410667604,3
0.2340419255400168,0.8162459265980969,0.24440709634153437,0.47303574622186356,0.8840148070600239,0.22551595465848676,3
0.4768486757156987,0.7216369804293289,0.6256324479803735,0.36167583792266234,0.7762964257561967,0.1330087814283974,3
0.48335033268186356,0.68412358900748,0.8196507186986913,0.4169019091370419,0.7844715874282993,0.1762045404346172,3
0.4220874788166826,0.687802883282584,0.5222871102452276,0.40063990040618225,0.7988669446621589,0.16258296077326403,3
0.4064886519810718,0.6451357656410304,0.49888298212835314,0.43228363886062987,0.8058254401757267,0.1889872683343119,3
0.5185227024474992,0.7425978508139054,0.742480779773763,0.3696015616635362,0.7624612616498184,0.13856956359203987,3
0.4959473203093341,0.7260375422910412,0.7350947205857938,0.3635789192804218,0.774198557688078,0.13414954003001164,3
0.2555007378401029,0.774779954945823,0.2721415644583309,0.5050043072433065,0.8739129784476537,0.25685128055238493,3
0.321828753848628,0.7696908461293539,0.4010858161856247,0.4695422164124745,0.8467625647580572,0.22263922966958813,3
0.34329484983433894,0.7387041821526953,0.4298472060096967,0.47617593446124123,0.8367297533418095,0.22896535167235876,3
0.4618839905341317,0.7030594632980094,0.6677526752458603,0.39141292715917597,0.7885525020877053,0.15537549621963404,3
0.5607677889173647,0.7217573937774633,0.8607058705099014,0.3215643980504726,0.7480258101089524,0.10548468036862957,3
0.5396090398652643,0.7610485018644914,0.9827371717433722,0.3594386582060358,0.7677831122260433,0.1312039048649414,3
0.16578914750326562,0.6017367265368475,0.16790743802559893,0.7236833918292144,0.9173172553006007,0.5245317571974547,3
0.524530397855166,0.6460455111006519,0.822333056382314,0.3963663472998238,0.7659152010986631,0.15914975201125323,3
0.46851746814509215,0.6556918605685123,0.6365832814559046,0.3966121118444345,0.7822743171027771,0.15960185084518522,3
0.211654013935351,0.7123117863930798,0.22014818475086376,0.590324075320399,0.8950224101138758,0.3498924360235696,3
0.4732987248127956,0.6751270077989003,0.6479578147364584,0.38615878462330944,0.7802063962031554,0.15126585433676518,3
0.4577988843241498,0.6860285937095233,0.6112661653551738,0.4031253193351032,0.7860517185289995,0.16468394125783656,3
0.4754572209743971,0.7813896781101622,0.6515693206651232,0.38178720701629637,0.7794546593740476,0.14763946680652276,3
0.48542107197320505,0.6436271556806604,0.6715302017071959,0.4097881276017941,0.7751958233152546,0.1699512988707715,3
0.55176567255729,0.7100040840821812,0.857763516156678,0.3494374181592874,0.7523754607884281,0.12415386303027598,3
0.44044948657705335,0.700109678236076,0.5453628667378558,0.3849192002364196,0.7900353678184616,0.15030095451870462,3
0.22220164550350063,0.75371699104919,0.22775196757766628,0.5230149104731654,0.8894542094556663,0.2753704633377666,3
0.3273107912728464,0.7198964719274606,0.433493155316504,0.45542030778607906,0.8459058995704506,0.20954075856470755,3
0.42558641692516946,0.6912517386840817,0.6532717260121249,0.4325321120257184,0.807150715083011,0.18929076576282614,3
0.4798436261727701,0.71822227809845,0.6895482665918373,0.3916978270375144,0.7796964352998512,0.15534865621697105,3
0.6008627901887437,0.6731065445419125,1.0359867839917474,0.32939016883336586,0.7379138288336579,0.11046031185156417,3
0.5150900967727515,0.6584887827771254,0.7366390087107922,0.3715410216219086,0.763854082224245,0.14023275093158186,3
0.18812688504636454,0.7287520759549553,0.19102336354550511,0.5976838532084451,0.9062262053267317,0.35838505485983413,3
0.5826414329388265,0.7118817736451063,1.0042302974943447,0.3442230263405359,0.7461092031337241,0.12052926804026219,3
0.5084940902941643,0.6194918786840857,0.7816214687017463,0.3979963343105166,0.7711744738852698,0.16048302215178256,3
0.2482696608670303,0.7995403078727558,0.27470072952791275,0.5036815546950772,0.878420616065431,0.25529186481860416,3
0.5547449415908291,0.6222535536539828,0.8232791445580213,0.36450558847789744,0.7484871924892093,0.13503896676035745,3
0.5309492814412685,0.6528802069892009,0.7900573034314506,0.36860930577609907,0.7590712310041551,0.13811769274767544,3
0.4135835470935449,0.6236256801328789,0.522131399422477,0.42776946712133596,0.8039147467786991,0.18532234211506804,3
0.442250149157221,0.6936959287982716,0.5609459269999334,0.39347156713800174,0.7905810312449603,0.15705106668246438,3
0.4785795173598885,0.7674420302889008,0.6650962476656165,0.36077295952805916,0.7784477071087176,0.1321605352941835,3
0.5018775664651233,0.6773580069222606,0.8145855025130709,0.3917046013134749,0.7762691490723115,0.15527986340864874,3
0.2578087348549636,0.7692929094978597,0.28231959047846045,0.49155904427970976,0.8734469193835587,0.24345275296976776,3
0.3146434561101221,0.781337669260961,0.35245014568467803,0.45010524399902585,0.8464406492147645,0.2047946386166608,3
0.3160521320589675,0.6381119436299117,0.38449389831394837,0.5108321550290625,0.8483288125802657,0.2630356314283923,3
0.5729023856563992,0.634810934305187,1.103296017531877,0.35174719126924864,0.7539334841387785,0.12567082563073878,3
0.5292569664506315,0.6705046705970057,0.768467708072231,0.35111090305054127,0.758583863556589,0.12549522893019696,3
0.4909206399384401,0.6535073980805425,0.7455515622476464,0.40909126911146815,0.7784278175259379,0.16947387496786528,3
0.2261314837420488,0.766491024028233,0.23173700422342203,0.5230367332137104,0.8874948101771132,0.2753128267205824,3
0.402630412629438,0.6188175107545154,0.49420892703988856,0.441135896439023,0.8077873214865822,0.19697294146473146,3
0.5058508389507731,0.6542714878628758,0.7233631937828336,0.3658359918813295,0.7681129380650619,0.13611629936354747,3
0.20976651934327836,0.7453066092243374,0.2137327764975658,0.5420362211585119,0.8955133660437896,0.29552207655031,3
0.5870316427253359,0.6780041503422237,1.020204924731698,0.35843781472142117,0.7441354044434495,0.13048647518468268,3
0.37660446283362004,0.6518375731554361,0.44304962804769343,0.4371777023974057,0.8182866871845539,0.19338721026059844,3
0.39878930447759786,0.6694737178770932,0.4952730491699982,0.4311613495913507,0.810084341771863,0.18819347658129396,3
0.4192119883122401,0.6627191338216821,0.5183966015871375,0.4042943696939265,0.8002266391514653,0.16581540476425313,3
0.38176785717616085,0.653535986109793,0.46637412901269837,0.4570855794994631,0.8173870958107479,0.21123909945408967,3
0.4099128486261178,0.6555287436990705,0.4966299113985532,0.4212204358063933,0.8036217614078955,0.1796713675321646,3
0.32493110372961154,0.7877983885027479,0.4589599427306728,0.4396561265217993,0.8482027395534918,0.19520944735737622,3
0.2767498478486147,0.7294606076467972,0.29809707558111226,0.48474035490532996,0.8637597988489424,0.23701903898190135,3
0.4216775428166128,0.6651179618539224,0.5881675562639402,0.42289631049602106,0.8044111254692435,0.1811254346801554,3
0.56295970532791,0.6084417419647726,0.9862566907317687,0.3683600048139278,0.7545368510730285,0.13782935746931468,3
0.4290544277197226,0.6699456815782242,0.5490296576155146,0.39426877638637264,0.7973330462827798,0.15776224462706703,3
0.5166132868948866,0.7195731642708489,0.7614076549433747,0.35621347375130635,0.7648401226685001,0.12892053915804186,3
0.20713066933796678,0.749524444628414,0.21081946200400367,0.5653212119630607,0.8968035445976201,0.3210985055726878,3
0.4557541971427626,0.7961561968347822,0.6494029234227773,0.4002974732552184,0.7900715654692849,0.1624323071467327,3
0.35918742585473007,0.6318721725561034,0.4140767135559154,0.4704772420962317,0.8258830273457461,0.22382121116459497,3
0.23149799528707352,0.763047939667261,0.2414416549671584,0.5343207113960823,0.8852453683244718,0.28724602039232194,3
0.4204331101104534,0.657960726874421,0.546726049467794,0.42273309392403374,0.8020514869045495,0.1810223858584158,3
0.4289068660907412,0.6739311178706396,0.5625281548356905,0.4261839733018368,0.7986838565124986,0.18379450335095224,3
0.5856482057721021,0.7208585610659055,1.1175228436982334,0.34585842717175175,0.7505601706728197,0.12177036706949777,3
0.4849439969327289,0.678237639522754,0.6719121419702369,0.37579215319270215,0.7753485709878704,0.14358333984051252,3
0.42124566984027995,0.6970184862197213,0.5377632187507652,0.3946724316518148,0.8007714116035456,0.15809068633998805,3
0.4372950692241968,0.7099180805719528,0.569097391472461,0.3871888640577097,0.7942260930101753,0.15206269034120587,3
0.27201523951607853,0.7340683999101679,0.2900502828355002,0.49804501108136173,0.8657943721894257,0.2501509529230961,3
0.3230406617302756,0.6769630750431613,0.377877149071677,0.4807152388525154,0.8438770655987168,0.23324962485705072,3
0.402636390803596,0.6606940047048747,0.5070732771175334,0.43273746439647526,0.808945853871308,0.18949808294627837,3
0.47108844212020123,0.5886872421687454,0.6603140573394914,0.4229624731530062,0.7826095621718855,0.1812254974244634,3
0.4834396985123444,0.6412219113532095,0.6684664568796391,0.387870704479691,0.7761252209938467,0.15276188240999952,3
0.37298494835683793,0.6325252213371924,0.4443544653067151,0.46419844497871443,0.8206028915289895,0.21780113372817989,3
0.22857270404947438,0.8103534851689651,0.23839176502812065,0.49004371483222814,0.8866955540731273,0.2418012209679242,3
0.5035054135148344,0.690465319191048,0.7700861255182182,0.3687901163832849,0.7725202509426342,0.13831154634223755,3
0.4183707586507537,0.669942625005489,0.5247812413983487,0.4050893150560683,0.8011347176888682,0.16660190974890907,3
0.2722619387968268,0.7710527403013071,0.28739036784360267,0.46962839510116333,0.8653818735062643,0.22286541853401887,3
0.46637295833121,0.7115424530897644,0.642859817762674,0.3993344664118728,0.7839368416112809,0.16173028747218707,3
0.47724918281453027,0.6824298679935664,0.6881335584018867,0.3852117557719272,0.7814178676736178,0.15068253878927504,3
0.4659718416972682,0.7864131420205274,0.6261841772327754,0.3392649468241018,0.7826760589240043,0.11716311163236788,3
0.42413642760420217,0.7081680288125595,0.5264830825688874,0.39243093024079395,0.7981194071021612,0.15624996293778629,3
0.4363455755946128,0.713787834521768,0.5655725238226191,0.37635487476434637,0.7945047466283124,0.14379639736740255,3
0.3902635987111955,0.6982476341252176,0.486742778697045,0.41893967533236687,0.8143844372730747,0.17754440594749565,3
0.26283429665988584,0.7814931695684503,0.29042670836677764,0.5051825125271557,0.8713398153219113,0.2570448018038001,3
0.31903374940486573,0.7341791287666126,0.35427630137412763,0.45178505434534966,0.8440050850914204,0.20666266267779998,3
0.4214743436359964,0.6578817106780565,0.6193539546524766,0.42626886783954343,0.8061661759934934,0.18396812034021304,3
0.4387101715810129,0.7244459476540078,0.5858496883061858,0.42946091595103647,0.7951749484586014,0.18647000834834873,3
0.48155304105385427,0.6511243126498233,0.6624181645052585,0.3835771131576314,0.7766485367265966,0.1494220213007414,3
0.45177508708922104,0.625991504745043,0.6702916364146295,0.41701874445295467,0.7931012153119323,0.17630050888370943,3
0.2943326148693057,0.3974813186108979,0.31656703938902603,0.6314666720286689,0.8550481323469382,0.3999243470464544,4
0.10285168269474561,0.29884994963585726,0.10586688213534119,0.8754535242228388,0.9488756785966869,0.766628998992332,4
0.07672553832507795,0.27901026662865963,0.07837605110647244,0.9092464215171526,0.9618022821156004,0.8268343485148931,4
0.32682190132909045,0.3692563729520826,0.344760299360491,0.5621296700728348,0.8383828891385949,0.3174789543659005,4
0.14432053154386862,0.47153392684170475,0.14538839112884042,0.7838255499635354,0.9279465201865628,0.6149905628105454,4
0.17583914530799363,0.42545028957394165,0.17666999765761085,0.7475692596711309,0.9121635125809648,0.5597776703940175,4
0.2540830263532093,0.49294755236981347,0.25564248218161284,0.5672313210314152,0.8731144324062358,0.3237363823009032,4
0.19516326652855068,0.4947253168404801,0.19705669771194875,0.6823159420208152,0.9026077098540646,0.46669645873715077,4
0.09558134646339905,0.38818116730470814,0.0964644488092245,0.8729846102161805,0.9522976370028831,0.762330562565118,4
0.3360403135981532,0.3760080866283251,0.3469951339950801,0.5304605987873645,0.8330745899464985,0.2831946167701365,4
0.2633335838137522,0.3604691545674283,0.26872405600815563,0.6406990040056902,0.8688722553125642,0.411653956237603,4
0.22851695990273577,0.28769369795030947,0.23619351099177285,0.7241007147343388,0.8865091751575358,0.5250810654797365,4
0.15249754859728382,0.30036808140925203,0.15854054076165638,0.8182111242903599,0.9243555249177953,0.6698086223110589,4
0.1472712566211354,0.25252256094470243,0.152350105241423,0.8309350205327152,0.926872256551461,0.6907476440259187,4
0.12228380163930595,0.2652916897014687,0.12713607099776114,0.8579757164087827,0.9393433261161928,0.7363434735463398,4
0.26693696135508604,0.41008387391786294,0.28233360962637155,0.6617478527137355,0.8680711841495855,0.4389507328565862,4
0.09703289781580728,0.3070233885896481,0.09761875156963108,0.8799629790635023,0.9515421364674785,0.7745433021920004,4
0.1729966736065163,0.53124869418921,0.17366736455033294,0.7059495879624716,0.9135687322911235,0.4994038273498684,4
0.31426341347798464,0.3526065188595986,0.32343754119990303,0.5691205339607746,0.8437857060331995,0.32539794965094265,4
0.20555677324721802,0.5560466069033171,0.20567499324445446,0.6169369157795895,0.8972334353761147,0.3824838992462487,4
0.20820610040603396,0.5531873001670611,0.20865499855596936,0.6149335186605126,0.8959418396119764,0.38001733069186105,4
0.14366376536410017,0.47438843264410996,0.14389876777168142,0.7789534465879108,0.928191617558708,0.6074523174248718,4
0.07443781918067317,0.33570472822012537,0.0756360028348033,0.9063521210582811,0.9629009087750765,0.8215845432528806,4
0.10267721080112313,0.5402041906148444,0.10274148714140215,0.830438183162626,0.9486678222334665,0.6900413635766278,4
0.27275407121074485,0.2603135330744696,0.2787555291400116,0.6709620217205158,0.8642231101875543,0.4511612509622816,4
0.2065045407329611,0.2683524164866138,0.21058389541176412,0.751745765251384,0.8971556651013999,0.565752740331584,4
0.1295235620911662,0.2553312096911247,0.13262595706246802,0.8480183187636446,0.9355484584515471,0.7193677947528384,4
0.11618484849769484,0.26318725952453303,0.11827975006159812,0.863124917954314,0.9421170659075427,0.7452005391521355,4
0.07206776393092564,0.31210650436154314,0.074682644426342,0.9172591569637881,0.9642276060840788,0.8414415628420374,4
0.08243468339891742,0.3169362990946177,0.08373916615883464,0.9003357587197195,0.9589131065765332,0.810742790044062,4
0.2991144516577359,0.4389584936302431,0.32008788692590123,0.6073417167153787,0.8525401176979486,0.37004068761692666,4
0.10278789805318495,0.36102127221600583,0.10321512667724757,0.8653368608439537,0.9486487738358137,0.7490443547677191,4
0.14745717823268312,0.4224643109875786,0.14792667108048682,0.789945239919981,0.9263183601684388,0.6246752364608044,4
0.33645122490667956,0.32711224171454184,0.35101386447611094,0.5613655554549141,0.8332306515036034,0.3165796273610725,4
0.2063974598242174,0.4940372259885068,0.2070992400015875,0.660641445642504,0.8968714481056282,0.43793140448341444,4
0.254671100199709,0.5291662449267354,0.2647063954342493,0.563713794207771,0.8736441113530792,0.3200041046382289,4
0.1977763279181438,0.5907014486554076,0.2009222644427245,0.6149648627957832,0.9014264296933859,0.3798703478300396,4
0.1400384038682984,0.4725413610736447,0.14259201398500676,0.7991221788227296,0.9302361590775216,0.6391052498796509,4
0.06048293989751191,0.404660533821447,0.0605368835544693,0.919068041527093,0.9697639244169398,0.8447951826336014,4
0.2655186456793184,0.31448168782638364,0.27753672893921594,0.6642185241246339,0.8684424854863307,0.4421287376524112,4
0.2255210809584275,0.3105906357694405,0.23145145940561115,0.7162569570537695,0.8878324973655046,0.5138439750228708,4
0.1699774856976303,0.24525057634112776,0.1771949813497312,0.8030445429208339,0.9157330067163949,0.6452713278368073,4
0.15794724203612567,0.2521525363417297,0.16238451178046834,0.8168090406462758,0.9214701059563715,0.6675499844711501,4
0.11116201650997994,0.2691247047841074,0.11322666628569517,0.8701379940690407,0.9446254567225817,0.7573559711118358,4
0.14311009394845664,0.32193683329816886,0.14666901665629764,0.8239523974258244,0.9288008452965558,0.6793136816999206,4
0.28866461584860326,0.38240070704626,0.3053486462868379,0.6426663513051226,0.8573360951195218,0.41406194540434643,4
0.08063600469672745,0.2531158141012577,0.08174104564439853,0.9051737615112518,0.9597925017464034,0.819454626729629,4
0.21331173628540234,0.42045230943546935,0.2138305134239503,0.6870773186231763,0.8933960095711537,0.4733408947802036,4
0.35781956673686227,0.3409555051828763,0.3747806596932832,0.5214595531019593,0.8227863259272109,0.2734887649856617,4
0.2188348749528515,0.5237237887818099,0.21942809644262906,0.6139662582222936,0.890641884672552,0.3786435605818579,4
0.22955249629170196,0.5444980868654039,0.23086398690244314,0.5763495924117671,0.8853549009152228,0.3343328728045929,4
0.23127189220127067,0.5342926357135983,0.2314529442946096,0.5783433842937995,0.8843821591086986,0.33668900810094476,4
0.1906445196666331,0.4682271527522838,0.19238265873011853,0.7052722468544013,0.9048515540730321,0.4984915628744316,4
0.06329051658936546,0.4344296625905302,0.06389965750480588,0.9121840822487485,0.9684156557968614,0.8321636689902551,4
0.34070694167187865,0.2978953336251485,0.3516537958219188,0.5647390967032476,0.8307412145790648,0.3203567963341981,4
0.26297114144464095,0.3266345493136002,0.2696476762719256,0.657587622019284,0.8691820827604081,0.4334121419944446,4
0.17665464190509997,0.2859223633999111,0.18344924423667172,0.7883568586933035,0.9123521392806073,0.6220198992498333,4
0.15483055812269111,0.2713151112470161,0.16032932011570825,0.8178605315630995,0.9231345971379562,0.6692477623332905,4
0.1409290928585948,0.30636175550274175,0.14356478619938554,0.8283755759686967,0.9297990229047817,0.6865807156816236,4
0.1102722319211839,0.2533146617909527,0.11372815255586395,0.8722968803489236,0.9452094761028763,0.7610817513487488,4
0.27601251110521846,0.4056304583767992,0.2951342190642183,0.6525443441992852,0.8639059152432907,0.42681965706603653,4
0.06940031476423002,0.284951602233287,0.07021750845933501,0.9173420320099069,0.9653815619873954,0.8416156823498645,4
0.09758594017298432,0.37058923024327345,0.1001571136791337,0.8733091954950593,0.9514641472641228,0.7628844361898744,4
0.3296522567956959,0.39704476949658263,0.34101297405364517,0.5306961137417178,0.836309943327947,0.2833459887354634,4
0.08845949849276818,0.49647660081258094,0.08883220541911324,0.8643552604917417,0.9558075214462507,0.7473644615355691,4
0.17461810493981314,0.4519400637023989,0.17515112597111657,0.7363039763231106,0.9127442496332238,0.5430204429988524,4
0.22297218281655104,0.5414926880978194,0.22470812421302866,0.5947041525835842,0.8886875027313722,0.3555065435973239,4
0.20473212889231962,0.45399456968782087,0.20557446466931936,0.6859413356012594,0.8977181691315401,0.4718325431068378,4
0.10734988985985226,0.42037437806380956,0.10916922140090957,0.8520012603587729,0.9465069882241796,0.7262229743970808,4
0.26855679316751374,0.341812256572819,0.27477143995397474,0.643372751838451,0.8663430680948894,0.41508289947364735,4
0.2648755345558011,0.30000605218830156,0.27201351613082864,0.6692111465518843,0.8682760308796023,0.4488449241681616,4
0.17098647756021637,0.3344618479170128,0.17512735214436223,0.7838961287690066,0.9149208486783064,0.6149893381288242,4
0.1611740860354215,0.2549500000629222,0.1656995796241135,0.811155245044433,0.9198655063411585,0.6583369149687688,4
0.12738960769401717,0.28575904619209164,0.13076321142276448,0.8489041131218434,0.9366425565258663,0.7209082980856816,4
0.08704837116927498,0.2649096342287968,0.08851949629751737,0.8981450904050718,0.9566229269281868,0.8067796080642141,4
0.2725743467902584,0.331613704952296,0.29576971346802244,0.6762594897252742,0.8660323632726472,0.4582178693259247,4
0.1350451157085144,0.27779194119742595,0.137388398313114,0.8388643068876885,0.9327117704062027,0.7040279009409947,4
0.19885263883424098,0.42290512594957486,0.20112567325556,0.7112391411756417,0.9008009840250114,0.5067676273265145,4
0.3352002838923551,0.3203179259478062,0.34893467153590096,0.5631620139591529,0.833773296818177,0.3186015379456924,4
0.23493771545504571,0.4615011262483513,0.23542778218058827,0.6275165348483244,0.882580148945031,0.3954137827690643,4
0.24259116824991664,0.5012942780601471,0.24416338365546916,0.5814520899163004,0.878861637415597,0.3400987609986566,4
0.22087079180735023,0.5578192942315219,0.22090305665750912,0.5787258214331792,0.8895678305813407,0.3369500214251597,4
0.21840085995166628,0.5559331709795909,0.21880555306157737,0.5876191946047117,0.890840039335158,0.3472950217551343,4
0.12148317520785229,0.42715329439664335,0.12269305837324233,0.8289084155983547,0.9393794007126129,0.687476608962296,4
0.3498837513114506,0.303826521191784,0.3610983732069754,0.5494275044955854,0.8261795865338272,0.30332886074899224,4
0.28378282529504,0.309050236546116,0.29684814493410666,0.6421253535466739,0.8594151193163867,0.4133651118793109,4
0.17209482985540878,0.2773593361062947,0.17656680496992072,0.7948370335992544,0.9143997825837468,0.6321738670890292,4
0.19718510262326058,0.24710206290453887,0.20557623820077733,0.7710886765387871,0.9022465622461212,0.5951109161977706,4
0.15043644565738387,0.27176248762228017,0.15478493635296303,0.8218972229993996,0.9252166262408661,0.6758677171973955,4
0.09674242673532495,0.2940581501788216,0.0992257201073752,0.884097222014542,0.9518771159695425,0.7817737365261223,4
0.289960742777894,0.32302585573253245,0.31525763957677716,0.6585575824440629,0.8575493182909413,0.4345366424432122,4
0.1106309527651473,0.2606506391909897,0.11224462427858688,0.8702227484814092,0.9448458907687702,0.7575031459737381,4
0.16335741448525407,0.3332291836804427,0.1658929029916225,0.7903169673540896,0.9185748416080098,0.6250863987427188,4
0.34907041996318733,0.3501044011678876,0.36678278232383743,0.5323795973327943,0.8272360262544715,0.28502535428643605,4
0.24039544053582618,0.4309481236927802,0.24132739318300453,0.6356821794375033,0.8798954749968045,0.4055568124906843,4
0.2629772057420627,0.47473220429692115,0.2637308113348953,0.5616516814855745,0.8685867576882519,0.3175449556749177,4
0.2404592113625916,0.4770928449239363,0.24167113414236188,0.606343198608887,0.8798915865966813,0.3694869306342807,4
0.2911267580892252,0.41285123696940196,0.29220968625947735,0.5576395978180168,0.8545449137724126,0.31306496726718475,4
0.18877856501896392,0.44949092803155705,0.18958551678032634,0.7142510894209669,0.9056914126666542,0.51122470540587,4
0.30310824005296905,0.297650175688514,0.31582007807472895,0.621618622341478,0.8497170637756916,0.3875535899942266,4
0.25714783076116504,0.2887637995877648,0.2680981460616847,0.6892528959242092,0.8725211161494694,0.4759781877619525,4
0.22620806336604993,0.29251155729336525,0.23548465804624766,0.7256037535167371,0.8878228924908772,0.527221667404136,4
0.1856418538843113,0.26152371344186615,0.1930298795703812,0.782022898078958,0.9079178756264513,0.6120159257124284,4
0.20834672820677327,0.2918013615349905,0.2167914494124652,0.7486167359930646,0.8966711080171826,0.5610014216304123,4
0.13134929808065782,0.25623143851980273,0.13576461126950426,0.8482137229079934,0.9347668822785556,0.7196814714337941,4
0.3409665904653425,0.38492416614847613,0.3716618836289735,0.5830018368399302,0.832586234083692,0.3411780202248295,4
0.15823699141381042,0.2591929479554006,0.16204135049212207,0.8128478344692392,0.9212619402009259,0.6610914102797865,4
0.19261104569979381,0.29000931562985394,0.19717978435008301,0.7629724928309661,0.9041513510151319,0.5828290855351852,4
0.36892088447129595,0.3262527949768506,0.3877193032281199,0.517499498100259,0.8174193996400345,0.2693497259219018,4
0.24967566245893535,0.3810723356561984,0.25246264060018525,0.6484928782725697,0.8754408665846573,0.4218006602733946,4
0.27603822207659723,0.4516727818176174,0.27775707248322173,0.5562232283302871,0.862152774002364,0.3114185671808069,4
0.2650770823648582,0.43059894820182926,0.2660359612460594,0.5935410074741528,0.867557346705691,0.35412408693542813,4
0.2858014393204017,0.4178963745377971,0.28626981861012774,0.5626937337481567,0.8571461182687717,0.31867063656378586,4
0.2575537297343214,0.42853832834688127,0.2590152234817023,0.6075470849310168,0.8713692845075774,0.37069126543438485,4
0.2809194056961802,0.2862991860172449,0.2967523566637665,0.6586466850555458,0.8611228271143109,0.4348686167791482,4
0.2809789032669245,0.29435619835719395,0.29235477372774915,0.6519267194220107,0.8606481354126202,0.4260246730905107,4
0.2692526470378034,0.29635392334546945,0.27897000614749345,0.6669155718370159,0.8663454123920674,0.44572908074103473,4
0.2061627608574413,0.29556578339623096,0.21589159673014768,0.7515684449353778,0.8978915031585503,0.5654056493479401,4
0.1919591651089774,0.28863630566055865,0.2010047831434423,0.7745744512366106,0.9049249792489577,0.6004777891315999,4
0.1701451439143619,0.2709890177972302,0.17861912934084803,0.8026889343659177,0.9157748265854676,0.6447454885211085,4
0.35521920349870756,0.4179087640904966,0.3894832914373724,0.5316028049679673,0.8258145593659179,0.2840382396702737,4
0.14989023787214692,0.2607745367696371,0.15387368879541016,0.8246737948962767,0.9254532261562529,0.6804266027939221,4
0.18121645327786481,0.3290011197980412,0.18411744059608096,0.7680515568134285,0.9096818720928891,0.5904867706430725,4
0.3363765135408428,0.40938414675392204,0.36284929011162187,0.5484774366839961,0.8344582736365371,0.30215777762463597,4
0.2376797107843954,0.3394701151333097,0.24060679066687019,0.6853741394167079,0.8814528525960498,0.4708369270716795,4
0.25083335772805293,0.44055582016780903,0.25246131123991294,0.6127412232594148,0.8747461164871595,0.3770355513123444,4
0.24828153354710958,0.48609963914120463,0.2499885871445591,0.5824365283934715,0.87602993858619,0.3410400744630489,4
0.27406759025024297,0.43500442914132814,0.2759063609318358,0.5754429936382102,0.8631500819430378,0.3329546523195846,4
0.28173873724694753,0.4289967783814081,0.2841385043466778,0.5639899365382324,0.8593706080864992,0.31987716815668493,4
0.3585042843375798,0.2912317164432197,0.37264747797947084,0.5477364758758777,0.8221621771953993,0.3014704900614038,4
0.3476856664288574,0.30044859019191317,0.36265238024512536,0.5592825113491927,0.8276538381671981,0.31420288556084613,4
0.3271156034321275,0.3361148999272443,0.33582157506699106,0.5623797246308619,0.8373127954474228,0.31789091327395586,4
0.25142409484855865,0.2765899155294087,0.2619752705902079,0.6998720201332752,0.8753430701498855,0.49065103114070224,4
0.22186795143061225,0.266763214919478,0.23422339357811095,0.7451503995268866,0.8903015684994436,0.5558457621654783,4
0.20732863630241413,0.251925970199056,0.217659905098903,0.7632440303507204,0.8973688087284418,0.5830403286596643,4
0.37293314571280295,0.38877606519315133,0.40699696414433423,0.5045832580820993,0.8169361205601614,0.2561520431106839,4
0.1589380569149284,0.25393303696309616,0.16535918865372287,0.8173687574222731,0.9211730847164153,0.6684363149383956,4
0.15565962906892727,0.26750907049611566,0.16015164170694682,0.816092460899526,0.9226193867293384,0.6663443458200522,4
0.30464014678888224,0.35725226634903623,0.32857739964788185,0.6349063264884124,0.8500736518914587,0.40404254042120163,4
0.1894718493981785,0.31752243947961967,0.19461734681452122,0.762349355735215,0.905778625042545,0.5818081885037866,4
0.22735564896954993,0.3270752560729424,0.23046802301849234,0.7060144888451654,0.8866334129201193,0.49944583592557495,4
0.23919228233934073,0.34025869688553817,0.2453072662123289,0.685930503106367,0.8810153572176285,0.47151733166213255,4
0.22349093207621137,0.3213297080242559,0.22930264171295767,0.7145401990530923,0.888835704925569,0.5113633688835922,4
0.24189462070290338,0.4103904015279338,0.24423578493828815,0.6458179649053103,0.8792868060720868,0.41848039474373655,4
0.3561585777653609,0.35097828895505717,0.3726900747489473,0.5231079483027078,0.8235738608156783,0.27522846355363434,4
0.36814730480901336,0.29744592850290236,0.3916427428108467,0.5354114302248763,0.8182751441455572,0.2881064374088688,4
0.3472918240378593,0.3330418004782253,0.35893094773934303,0.5310454208623159,0.8275180003512187,0.2836241728418392,4
0.33893479192748804,0.2960184786527715,0.35204715205292064,0.5670930727179014,0.8318438400487994,0.3230059522680771,4
0.2684123387454366,0.28577334116632075,0.2810608124572225,0.674159401969083,0.8670586779984603,0.45534524802709314,4
0.23227780913986304,0.2970955230295464,0.24203378198329692,0.715873608231461,0.8848366927144119,0.5132163474271599,4
0.26092201216392547,0.33522789291196614,0.2772154552206872,0.6864239728478329,0.8711683382237138,0.47200325988178743,4
0.058991647445748946,0.2607174824464717,0.059652683016652275,0.9304471062691246,0.9705702798342157,0.8658027776430336,4
0.09710328682446105,0.3617766696733136,0.09846864827405562,0.8758307412560583,0.951584892732729,0.7673591040221904,4
0.3125775485211703,0.431992749663354,0.32464866999497805,0.5357874977884441,0.8449183378867957,0.28869222593107663,4
0.15426229269296327,0.585448104206799,0.15450771317721493,0.7082633575397582,0.9228933957019437,0.5026153489960106,4
0.21486358701067645,0.5329652829827513,0.21545198260977294,0.6174323180234063,0.8926270460545714,0.3830323999127983,4
0.20395189545420886,0.4665179710199378,0.20412355238832505,0.6796630327139654,0.8980412179663072,0.46325881473343306,4
0.1758357285310647,0.4932878858646987,0.17589958213461118,0.7163960514042723,0.9120885210948222,0.514353099089645,4
0.05141914569293001,0.3557739160186347,0.05167405197703447,0.9346629346045364,0.9743159177819455,0.8736448709084802,4
0.2693256748168245,0.3872437688034946,0.277101639821475,0.626004084633776,0.8661147590920528,0.3930970158271962,4
0.24421615432516397,0.3286158755201528,0.25081688859719264,0.6860199377166364,0.8785519962646209,0.4716713583594287,4
0.16745150346507795,0.30728985319619895,0.16976699915798096,0.7916419740032246,0.9165057978367513,0.6272280222973555,4
0.1300107817054643,0.2661912455063872,0.13295320776734273,0.846412247238603,0.9352888517534557,0.716704411483348,4
0.1212256407294073,0.3291802154045278,0.12412623793472131,0.8512484005204631,0.9396772393558277,0.7248833225792621,4
0.0880254015829464,0.2730661867510247,0.08917496899458577,0.8953775033201161,0.9561022559496908,0.8018466055726979,4
0.25240377431670147,0.3437630364169533,0.2687232224646144,0.6936127693925447,0.8754285273877254,0.4819527293328885,4
0.047448264411849184,0.3344566434834619,0.04774399470916257,0.9400397215294786,0.9763054408238068,0.8837173977220091,4
0.07846589908029558,0.37246872898196953,0.07855084078721784,0.8967031240471718,0.9607755446305445,0.8042215415644652,4
0.2945613110810646,0.3901615820621389,0.3020867127690124,0.5794765626049417,0.8534718846282625,0.3373059835515366,4
0.1566447008378925,0.5052076335282415,0.15677265737137983,0.7447205183998932,0.9216904452344025,0.5554659789677322,4
0.2134668116277779,0.5535688213989248,0.21666581836811447,0.6047874424370927,0.8935804274379983,0.36787960073565396,4
0.16611690860951084,0.5415329276304675,0.16661291272190093,0.7112560306759601,0.9169911461064836,0.5068559142008758,4
0.12265954565692089,0.4690803533407892,0.12279851500414557,0.8144352354204233,0.9386841241062619,0.6637521677871496,4
0.04563212093939742,0.27336802910426233,0.04665128952846989,0.9461007776860054,0.9772858563892087,0.8951450011177043,4
0.28524363065782493,0.3459246155718479,0.29420529902613773,0.6176110341607376,0.8582743515079186,0.38276007360774505,4
0.2349773752322819,0.33603674783601845,0.2378926893031399,0.6932000555430058,0.8828028437909449,0.4814857223437114,4
0.1606596121526974,0.30413598040141865,0.1657552014139344,0.802994791465423,0.920179752849775,0.6451958066129062,4
0.08615624643895677,0.19859057596926613,0.08888059411747906,0.9041047805958429,0.9571943115483738,0.8174890112343398,4
0.123116531484802,0.33556833055038465,0.12475524757665761,0.8463128643891854,0.9386056058667845,0.716566547397475,4
0.09862313017150336,0.38900196994950315,0.09918905144793089,0.8674082014904476,0.950745027041891,0.7526613665736392,4
0.26067768065968683,0.38029107187169636,0.27472502798231957,0.6744991511690825,0.8710658944024198,0.4559790327318958,4
0.06520848286738279,0.35227476810182506,0.0657865310585839,0.9163972285546591,0.9674535633854288,0.8398849604033042,4
0.1090627480306447,0.40676729883652185,0.10918927046792636,0.8488659898571239,0.9454812782284058,0.7208914509918315,4
0.30848707349861876,0.3530890672814447,0.3158700470068315,0.5797824883888479,0.8464947606015119,0.337587493044716,4
0.18019342923154516,0.5374773929083445,0.18038329844334663,0.6838284977230505,0.9099222723054076,0.4688950793309223,4
0.20807791666899975,0.5702355432882834,0.20831131493300317,0.5991739642018058,0.8959843814919005,0.3610505274265447,4
0.14521576994712382,0.553542288596345,0.14529046295406947,0.7446182388708206,0.9273995843271324,0.5552587146711432,4
0.04651446830107007,0.2708005381406466,0.04653614710786855,0.9444775649296465,0.9767449337301447,0.8920824350079747,4
0.048805461285715564,0.3289390143695717,0.048869484265955776,0.9395843942668427,0.9756036716551663,0.8828770251022516,4
0.21943721079763492,0.31255085814689254,0.22135436283204843,0.7190570509817538,0.890473109804624,0.5178634833935187,4
0.19427058872723357,0.30205696197375365,0.20001804841512894,0.7600527459399836,0.9034394516051728,0.578337985556799,4
0.11760800321372335,0.23980332623710313,0.11979477487764151,0.8633343122497031,0.9414146755595304,0.7455465234982709,4
0.07151453035613198,0.21956771224006422,0.07279749835400601,0.9190305076467659,0.9643710316217214,0.8446878126713822,4
0.10132428881101262,0.3271387401933779,0.10307992474483864,0.8734124824674684,0.9495134191878765,0.7630607592776487,4
0.13467171965942698,0.4078544800232429,0.13531335740320635,0.8130461624433653,0.9327283039446644,0.6615219737160845,4
0.2771476940485226,0.4254317686233248,0.29789358676571326,0.6452896729719334,0.863396925875251,0.4174902295268413,4
0.09070105834213622,0.4105637406613451,0.09101964221457916,0.8752146423459853,0.9546813292161761,0.7662937808354364,4
0.1659752837946654,0.4997321834016221,0.16627168409319446,0.730738059235744,0.9170419981325201,0.5349279968035942,4
0.3138294041329322,0.3962056810047874,0.3202595234958628,0.539505020131783,0.8437283098698268,0.292826378329254,4
0.2074382933052116,0.5802124387689167,0.2074382933052116,0.5901025862632848,0.8962808533473942,0.35040012693949646,4
0.22199472104616558,0.5564498959943273,0.22231137065066123,0.5786613882306345,0.889034304437367,0.33710575513617824,4
0.1252577971794816,0.4646671127273327,0.12565259298669526,0.8110255024848705,0.9374105809909806,0.6581676255299121,4
0.0433781840585504,0.30752741432508957,0.04346253365204633,0.9468283860797572,0.9783193429300745,0.896526267537415,4
0.05168510112935926,0.35644819711952613,0.05229194970351738,0.9333905246294917,0.9742181342927362,0.8712915427690605,4
0.19231045295196955,0.3161916605123873,0.19630866067097,0.7585963891358115,0.9042445942959153,0.5760449494813676,4
0.15732552966821087,0.2779694145880777,0.1624141305476248,0.8109430630382146,0.9218460952538359,0.6580022445840793,4
0.12792912957283614,0.24757504832337404,0.13084213000115733,0.8517078464507092,0.9363267352564142,0.7256347248235762,4
0.07331395326125473,0.23639769595800955,0.0763388300780695,0.916528722970591,0.9636455110510541,0.8400886525862544,4
0.06855696640667315,0.2129457806972883,0.06968340825264592,0.922335804821763,0.9658341609812608,0.8507673919755852,4
0.10160005923350178,0.3913528212027049,0.10206871326512533,0.8631163637490161,0.9492468357864116,0.7452376267722597,4
0.2471973528558106,0.3962393456855249,0.2602112297947328,0.6867018790562921,0.8777027112659871,0.4724727903309906,4
0.12433584087197753,0.5456084947282686,0.12448649106242225,0.7876775770186287,0.9378471445830558,0.621104687717663,4
0.22318300502460978,0.5449039156797104,0.22334390653867173,0.5896377838840068,0.8884245876391014,0.34980437564463956,4
0.30846091705095363,0.3831358589936531,0.3163604785620667,0.5594067219974161,0.8465594976256345,0.31446292602170106,4
0.2371243390428818,0.553224464323615,0.2416597613231132,0.5721020476046852,0.8818913727065821,0.3297105728603511,4
0.21974881406652538,0.571342163091026,0.22068032874165736,0.5814619891516597,0.8902187444342506,0.3402997429130463,4
0.13605480642185533,0.4913697327566382,0.13701005205843184,0.7875867261831097,0.9320681213527301,0.6209377336086447,4
0.030765757218246186,0.3281714583302364,0.03089286565462772,0.9614876710094568,0.9846298322345151,0.9244762941481168,4
0.12166001286232542,0.5261805256240606,0.12174545725568096,0.7991271080495933,0.9391785380081727,0.6391241841311734,4
0.2073632118089472,0.3703061958407258,0.21673097010156295,0.7351491444444335,0.8972551699247879,0.5411572362748832,4
0.17400124653750007,0.27236840683871794,0.17996735793278454,0.7945279374318487,0.9135959878707784,0.6317261670298053,4
0.09502103797484907,0.21928368643926976,0.09823866032223834,0.8925210975015266,0.9528112432473144,0.7967099089848267,4
0.06664986973316332,0.21263190476310143,0.06849368636028025,0.9250508555606594,0.9668594467961299,0.8557784371455083,4
0.05705788297736384,0.19827063551215976,0.05799465749502657,0.9363442362781459,0.9715647359630842,0.8767912106647091,4
0.07676598867727535,0.3476474873876138,0.07740408059414845,0.9025733567637859,0.9616808148530497,0.8147643566455068,4
0.2748533141955715,0.40840482306691506,0.2893266445811349,0.6504000780894348,0.8640206759407706,0.4240909938445873,4
0.13532664554593926,0.4329352092454717,0.13540091581615235,0.8044482795252476,0.9323441042540517,0.6477459994832376,4
0.21828983753892836,0.54721120332997,0.21828983753892836,0.5951814022740194,0.8908550812305358,0.3562746597091926,4
0.3208686090918664,0.3491891722098664,0.32654871922585227,0.5599874269162686,0.8401337064674655,0.31519736177976515,4
0.2219942866989766,0.5538333977482034,0.2222910257508933,0.5810562559368088,0.8890325305557033,0.33979545721800325,4
0.21225082423410635,0.5754201690370481,0.21225082423410635,0.5830848023083138,0.8938745878829467,0.3422157701101159,4
0.1497907068805308,0.4452518018106304,0.14989656590413145,0.7780960909940955,0.9251152324620948,0.6061357252296167,4
0.04125115393382916,0.305789981733739,0.041579973843586256,0.9496661698087147,0.9794073050240611,0.9019012557893324,4
0.09359853159907289,0.628837749639721,0.09368422935246722,0.8157782177940303,0.9532093039758031,0.6658427033207449,4
0.23291150311492367,0.3252774671240304,0.24067232108958214,0.7029921237424163,0.8843203302400039,0.49501198494733395,4
0.1449690838374674,0.28424856132730614,0.14785992842826556,0.8237988431194084,0.9278045425403462,0.6789513548711343,4
0.17119191243834217,0.38694377447276557,0.1758898990984905,0.7792650077122931,0.914873842446844,0.6077602330044457,4
0.10617063473599898,0.2762759688247575,0.11022980528573373,0.8761859136642568,0.9473205996869739,0.7678390576306341,4
0.07281257625943503,0.3168868541392919,0.07383629414519409,0.909853479627929,0.9636960836588585,0.8279068075114305,4
0.09014092306451184,0.3187855060125971,0.09050278195843957,0.8880366845435148,0.9549657243571369,0.7887710043800465,4
